session_id,search_session_id,rerank_query,rerank_time
rerank_search_010572a8522d47c38aa2ea6b8f3fe9cc_-5169161191695880023,search_010572a8522d47c38aa2ea6b8f3fe9cc,"Has there been any recent work or competitions focused on the development of methods to counteract clickbait through spoiling, such as revealing key information upfront?",2025-05-22T21:57:01
rerank_search_012a8503f160481082925ae0fb3dc28a_8395106679852004602,search_012a8503f160481082925ae0fb3dc28a,Where might I find research on the evaluation of consistency in generated summaries?,2025-05-22T21:57:17
rerank_search_0218f2405a2d4361bd3269fccc72dbcc_-3860063905420171865,search_0218f2405a2d4361bd3269fccc72dbcc,Could you suggest research that investigates how hierarchical structures within transformers enhance task-oriented dialogue systems?,2025-05-22T21:58:00
rerank_search_02fba6e9155d4d0e9c1d6521ed4b655a_-8129718486584031958,search_02fba6e9155d4d0e9c1d6521ed4b655a,Could you recommend a study that examines how cross project code summarization evaluation methodologies compare to time-segmented eval methodology.,2025-05-22T21:57:24
rerank_search_036d89a85c9f41d6b608e7b07479f34a_1401475408636704486,search_036d89a85c9f41d6b608e7b07479f34a,Could you suggest research that investigates the use of past dialogues for enhancing query expansion in conversational search systems?,2025-05-22T21:58:01
rerank_search_04410e0d1d3144d98d2969516e2e5733_2385856429039079666,search_04410e0d1d3144d98d2969516e2e5733,"*Could you suggest a dataset with legally or ethically contentious content, and labels for acceptable and non-acceptable questions.",2025-05-22T21:57:19
rerank_search_04d722cdef9844a7b13d6a6400384116_-6939041494680962952,search_04d722cdef9844a7b13d6a6400384116,I'm exploring research that utilizes large datasets for the task of sentence simplification. Are there any prominent datasets sourced from Wikipedia that I could look into?,2025-05-22T21:57:03
rerank_search_0568758a002e4149990ebee4100fc777_-4683011453355416315,search_0568758a002e4149990ebee4100fc777,Could you suggest a paper that introduces an approach to relation extraction that involves learning syntax dependency structures using a tree LSTM model?,2025-05-22T21:57:00
rerank_search_05caf1c5d58a431a88759a2b91db7a83_4448546965746876797,search_05caf1c5d58a431a88759a2b91db7a83,Are there any studies investigating example-based approaches to predict user intent in few-shot learning contexts?,2025-05-22T21:57:20
rerank_search_05f06f0662d84cc0a17ccdb352136e5b_-1643641362212592465,search_05f06f0662d84cc0a17ccdb352136e5b,Could you recommend a study that investigates incorporating a fact memory component into neural networks to improve language modeling activities without requiring retraining or fine-tuning?,2025-05-22T21:57:30
rerank_search_06937eca22ce442ebce25c4b4d282cef_250420359975604632,search_06937eca22ce442ebce25c4b4d282cef,Could you recommend a study that investigates how integrating model quantization with knowledge distillation?,2025-05-22T21:57:30
rerank_search_0941ee92977c4bf399a7432c3747acda_-7784920085348668661,search_0941ee92977c4bf399a7432c3747acda,What research has been done on improving named entity recognition tasks by augmenting them with retrieval of external contexts?,2025-05-22T21:57:14
rerank_search_094290522c4c4521aa354e4674949895_971002148532959801,search_094290522c4c4521aa354e4674949895,Can you direct me to research that explores methods for transforming multi-hop questions into single-hop sub-questions to leverage existing single-hop answer models?,2025-05-22T21:56:51
rerank_search_0c06a5ab6e704e2ea075f90759c23e5e_8896432303609527399,search_0c06a5ab6e704e2ea075f90759c23e5e,What research could I reference to understand the methodology for binarizing non-binary subtrees in the context of discourse parsing?,2025-05-22T21:57:13
rerank_search_10663d094bd94eb7878f49bb02d6e7ae_8233774290298119907,search_10663d094bd94eb7878f49bb02d6e7ae,Could you suggest research that investigates enhancing zero-shot question answering with prompts from language models integrated with knowledge graph data?,2025-05-22T21:57:59
rerank_search_1285b05ed95c43b58caff9911273228b_-6724388068450941483,search_1285b05ed95c43b58caff9911273228b,"How can dense retrieval models for open-domain question answering be improved, specifically through the use of hard negative mining techniques?",2025-05-22T21:58:12
rerank_search_1550906343d641bc9973303a872e0a57_-1320361987795572229,search_1550906343d641bc9973303a872e0a57,"Could you suggest research that investigates graph-based methods for predicting connections in knowledge graphs, focusing on n-ary relational facts rather than just simple triple structures?",2025-05-22T21:57:59
rerank_search_17306edb120742efb9ed37977e9ba02e_85035222490873054,search_17306edb120742efb9ed37977e9ba02e,Can you give me a paper that does self-supervised contrastive learning of sentence embeddings by sampling in-batch negatives?,2025-05-22T21:57:22
rerank_search_1acf0a491bc04185a33b4f41dc98bbf5_3993783678578265606,search_1acf0a491bc04185a33b4f41dc98bbf5,"Could you recommend studies that investigate fine-tuning pre-trained language models using weakly supervised learning, especially those employing techniques like contrastive regularization or self-training?",2025-05-22T21:57:43
rerank_search_1cb6eba6ca344fe4a5a643a84eecda74_-4675978819545913395,search_1cb6eba6ca344fe4a5a643a84eecda74,Could you recommend studies which explore how to optimally select demonstrations for few-shot in-context learning?,2025-05-22T21:57:44
rerank_search_1eeee8c2e3b542b9a2e0255c90c94ed3_6224201419310054733,search_1eeee8c2e3b542b9a2e0255c90c94ed3,"Have any research papers examined the efficacy of multilingual text-to-text transformers across various languages, particularly those less represented in pretraining corpora?",2025-05-22T21:58:08
rerank_search_1f0fa7712f994184a1a9e417db35f8a5_5511131612048532159,search_1f0fa7712f994184a1a9e417db35f8a5,"In the area of argument mining, could you point to literature that uses of dependency parsers to determine the argumentativeness of texts in dialogue systems?",2025-05-22T21:57:07
rerank_search_1f4fb13e22ef46cca47256cc07fcfb14_9101410176190173013,search_1f4fb13e22ef46cca47256cc07fcfb14,Could you suggest research that tries to interpret how bi-directional RNNs manage to carry out Named Entity Recognition (NER) tasks?,2025-05-22T21:58:03
rerank_search_21ac08b1debc4396ab0608623ca7e9eb_-4789498723701314259,search_21ac08b1debc4396ab0608623ca7e9eb,Could you recommend research that investigates merging speech and text modalities in a unified representation space for processing spoken language through encoder-decoder models?,2025-05-22T21:57:40
rerank_search_221d8f7e448b445ab4720718208b9f3f_-4781089053431010380,search_221d8f7e448b445ab4720718208b9f3f,Can you recommend a dialogue summarization dataset mined from broadcast interviews on the TV or radio?,2025-05-22T21:57:22
rerank_search_2359e53f686d4504a4045d790f9c7fbb_1466265822082074315,search_2359e53f686d4504a4045d790f9c7fbb,"Could you suggest a research article that explores generative methods for extracting information, specifically one that covers the generation of surface forms, labeling of entities, and classification of entity types?",2025-05-22T21:57:45
rerank_search_24798be7bf4a47b7b6af800cf8dba213_-8233672758445773369,search_24798be7bf4a47b7b6af800cf8dba213,"Can you suggest some recent datasets that have been used for studying stance detection in tweets, particularly those targeting specific individuals and events since 2020?",2025-05-22T21:56:58
rerank_search_270d3d3c2f8d4ba987d2d269c2e157c0_-2684253919906503609,search_270d3d3c2f8d4ba987d2d269c2e157c0,Could you recommend research that assesses techniques to mitigate intersectional biases within Transformer-based models?,2025-05-22T21:57:34
rerank_search_2968342fd73c490e87239c9e743c5f44_-7866669915423674745,search_2968342fd73c490e87239c9e743c5f44,Where can I find a large corpus of annotated social media posts concerning a variety of health conditions?,2025-05-22T21:57:15
rerank_search_2a343ff95bb24038b77dc8e4ab013d28_7213480599686165209,search_2a343ff95bb24038b77dc8e4ab013d28,Could you suggest research that investigates employing graph attention techniques for integrating multiple modalities for identifying emotions?,2025-05-22T21:57:58
rerank_search_2dd0585aff2b4028a3e4b50d91194833_-6673306437980467942,search_2dd0585aff2b4028a3e4b50d91194833,Could you suggest research that investigates training BERT-based classifiers with Wikipedia data for zero-shot text classification in open domains?,2025-05-22T21:58:02
rerank_search_2defccf86c924fd4996e4ed2a5253cee_3524592038891431188,search_2defccf86c924fd4996e4ed2a5253cee,Could you recommend research articles that explore the application of contrastive learning methods to improve sentence embedding efficacy in natural language processing?,2025-05-22T21:57:32
rerank_search_2e5e0c5d7fb848538c46343e66b71dfb_-9059164084826148957,search_2e5e0c5d7fb848538c46343e66b71dfb,"Is there a research paper that has developed a customer service conversation dataset aimed at forecasting customer intentions, taking into account the limitations imposed by agent protocols?",2025-05-22T21:58:15
rerank_search_2f51951537f54f94b02e7234d161fde5_-3552841668760414993,search_2f51951537f54f94b02e7234d161fde5,Could you recommend a study that uses feedback-driven decoding for producing mathematical proofs using language models?,2025-05-22T21:57:32
rerank_search_3231f9ceefd243449de978757701d415_2259667142281944629,search_3231f9ceefd243449de978757701d415,Could you recommend research that investigates the enhancement of neural passage retrieval through the application of dual encoders and the generation of synthetic questions?,2025-05-22T21:57:41
rerank_search_358bde14cca34fee96f93732d95eaea4_-2217880450277172959,search_358bde14cca34fee96f93732d95eaea4,Could you suggest a triplet-formatted structured dataset suitable for training table-to-text generation models?,2025-05-22T21:57:49
rerank_search_39c9929274454f4bb62b202cacb43004_6890397112352340593,search_39c9929274454f4bb62b202cacb43004,Where can I find interdisciplinary research that investigates how creative natural language generation (NLG) systems are evaluated?,2025-05-22T21:57:17
rerank_search_3b5cee64e174491eba009388c7fddeea_-7615060594153866280,search_3b5cee64e174491eba009388c7fddeea,Could you suggest research that investigates applying combinatorial optimization techniques in unsupervised entity matching?,2025-05-22T21:57:58
rerank_search_3ca2a4af2b6b48aca7f792b4a82fb4a6_-1520532512545789277,search_3ca2a4af2b6b48aca7f792b4a82fb4a6,Could you recommend research that investigates methods for fine-tuning generative language models with a focus on parameter efficiency to reduce computational demands?,2025-05-22T21:57:40
rerank_search_3e02e2fc09694b1a81d14d6d5623ef91_2634572230610987702,search_3e02e2fc09694b1a81d14d6d5623ef91,"Can you point me to studies that explore the impact of different data augmentation strategies, such as feature/token/span cutoff or dropout, in the context of contrastive learning for sentence representations?",2025-05-22T21:56:53
rerank_search_4098bdf7bdbc406c9da52b74cbf67ad1_5935247185720633555,search_4098bdf7bdbc406c9da52b74cbf67ad1,"Have any recent publications explored the use of neural network methods, like transformer architectures, in creating novel readability metrics?",2025-05-22T21:58:06
rerank_search_40e1a07e81054dbdb2846ae0c7f34e74_5256906430165841794,search_40e1a07e81054dbdb2846ae0c7f34e74,Could you suggest research that investigates a clustering-based efficient attention mechanism within Transformer models?,2025-05-22T21:57:57
rerank_search_4184a9ab57d246ec8d61447bb20b00bf_-5054003021834088922,search_4184a9ab57d246ec8d61447bb20b00bf,Could you suggest research that investigates how many evidence sentences are needed for document-level RE?,2025-05-22T21:58:00
rerank_search_42b871ed39784cc287481c3a0fb71326_-8170354297457405634,search_42b871ed39784cc287481c3a0fb71326,Could you suggest a study that explores the use of multi-modal pre-training techniques to improve the comprehension of documents with a high visual content?,2025-05-22T21:57:48
rerank_search_4446ceee9e9c460589f36ae00ef93342_997404533445780891,search_4446ceee9e9c460589f36ae00ef93342,"I know about prompt tuning, but have any works tried learning embeddings that are inputted to every transformer layer in a language model?",2025-05-22T21:58:12
rerank_search_445ed9d5617a4d2086aa27c4af8b3edf_-1828127934954136207,search_445ed9d5617a4d2086aa27c4af8b3edf,Which studies should I look into that have explored the task of factuality in abstractive summarization and proposed ways to detect hallucinated content in generated text?,2025-05-22T21:57:18
rerank_search_45700eec33334f6e8ce4415e1e2506ad_9064219877997175341,search_45700eec33334f6e8ce4415e1e2506ad,Could you recommend a study that explores a pre-trained multilingual text-to-text transformer applicable to text summarization tasks?,2025-05-22T21:57:25
rerank_search_45cdf62247a749c5b55a772d8a2cb0fa_-5876955214307710220,search_45cdf62247a749c5b55a772d8a2cb0fa,Could you suggest research that explores the idea of training soft prompts rather than identifying fixed ones within the realm of prompt tuning?,2025-05-22T21:57:56
rerank_search_48909231f1eb49118603d6b96bcc8500_-3781841060914002566,search_48909231f1eb49118603d6b96bcc8500,"Where can I find a discourse treebank tailored to Chinese newswire articles that's large enough to make training, development, and test splits?",2025-05-22T21:57:15
rerank_search_49f727b6873444f2ac0319308f3bed92_5497770426440488135,search_49f727b6873444f2ac0319308f3bed92,Can you suggest any literature that explores the idea of training neural networks to translate text passages into related questions?,2025-05-22T21:56:56
rerank_search_4ad2c3c75ebc4a73b58d2307ed5a461d_-6554913023194079478,search_4ad2c3c75ebc4a73b58d2307ed5a461d,"What are some soft-constrained methods proposed in the literature for terminology translation in neural machine translation systems, and how do they differ from hard-constrained decoding methods that might degrade translation quality or increase complexity?",2025-05-22T21:57:11
rerank_search_4b972f7fe2794a18b40db934bc4185cb_6678372395931326393,search_4b972f7fe2794a18b40db934bc4185cb,Could you recommend a study that investigates the improvement of knowledge representation learning by incorporating global context into graph attention networks?,2025-05-22T21:57:31
rerank_search_4bcd082783f9424bb76fa37fa11fc867_-925149462438304414,search_4bcd082783f9424bb76fa37fa11fc867,"Could you point me to research on binary classification systems that predict whether sentences within a context require clarification, particularly using the wikiHowToImprove dataset?",2025-05-22T21:56:58
rerank_search_4c89a768afbf4c9cb79999192d802238_5011110245440233957,search_4c89a768afbf4c9cb79999192d802238,"Could you suggest a dataset containing diverse, intricate natural language queries that necessitate multi-step reasoning, comparing attributes, and performing set operations for answering questions from a knowledge base, without depending on entity linking?",2025-05-22T21:57:44
rerank_search_4ccc13ae403d47a4942650de5dc0ff4d_6113256382820054908,search_4ccc13ae403d47a4942650de5dc0ff4d,"Could you suggest a thorough comparative analysis or review of the performance of different pretrained transformer architectures, such as BERT, in text ranking applications?",2025-05-22T21:57:49
rerank_search_4ed9c18f90d9406981d3753389c04de9_-5926726468758142170,search_4ed9c18f90d9406981d3753389c04de9,"I am exploring state-of-the-art techniques in language representation models that are trained to understand context from both the preceding and succeeding text. Where can I find foundational research on this topic, including information about the Transformer architecture, and the specific tasks such models are pre-trained on?",2025-05-22T21:57:01
rerank_search_4f9ed627aeff4180b9d4ce706a99aa01_-2277825498964742032,search_4f9ed627aeff4180b9d4ce706a99aa01,"Could you suggest research that explores a pre-trained encoder-decoder architecture aimed at comprehending and generating code, potentially beneficial for enhancing automated code repair systems?",2025-05-22T21:57:55
rerank_search_4febc0fb7f56416a9532012ab4f2b2df_5013637557923889009,search_4febc0fb7f56416a9532012ab4f2b2df,Could you direct me to studies investigating the enhancement of bi-encoder text matching performance through the application of knowledge distillation methods?,2025-05-22T21:57:23
rerank_search_502ad00b1c7148b4a562e88f55e90170_6887229903188942448,search_502ad00b1c7148b4a562e88f55e90170,"Could you recommend research papers that explore applying knowledge distillation to information retrieval, specifically those that concentrate on methods using in-batch negatives",2025-05-22T21:57:33
rerank_search_503a0db8c65944189f0113b929a6253c_200172493104625642,search_503a0db8c65944189f0113b929a6253c,I'm looking into the distillation process of language models and would like to examine studies that specifically discuss the attention mechanism alignment in the teacher-student model architecture. Are there any papers you can suggest?,2025-05-22T21:57:05
rerank_search_50a3958e207749e58f7788442254b558_-8619128924054480898,search_50a3958e207749e58f7788442254b558,How can I locate a dataset containing toxic sentence pairs alongside their non-toxic paraphrased counterparts for studying text detoxification?,2025-05-22T21:58:11
rerank_search_5160f16b04f7433894ce6fefdd9337e2_-6278889741179372040,search_5160f16b04f7433894ce6fefdd9337e2,"What paper should I look at if I am interested in the challenges of compositional generalization in the context of semantic parsing, especially regarding the impact of unseen local structures in program outputs?",2025-05-22T21:57:12
rerank_search_527ccdbdb878441ea9de1207c88e1442_5575009007241595575,search_527ccdbdb878441ea9de1207c88e1442,Could you suggest some work that develops multimodal models with contrastive learning approaches?,2025-05-22T21:58:03
rerank_search_52e6419f3cfe45bd8c725d3e5b6272d0_-4614956188031461810,search_52e6419f3cfe45bd8c725d3e5b6272d0,"Where can I find a paper that discusses annotating events in text with degrees of factuality, including categories such as certain, probable, and underspecified?",2025-05-22T21:57:16
rerank_search_52fcab25b0a049339c2de667887e472e_857472110679828179,search_52fcab25b0a049339c2de667887e472e,Could you recommend a study that explores the improvement of Chinese sequence labeling with BERT through the incorporation of lexical data via a character-to-word bilinear attention approach?,2025-05-22T21:57:27
rerank_search_532b286c301b434abf53294dfb33e019_613172779899541970,search_532b286c301b434abf53294dfb33e019,Could you suggest a study that explores a cohesive pre-training method for code representation learning across different modalities?,2025-05-22T21:57:46
rerank_search_5473597748ef44d2b3321cf0f34c5473_-5429939381339028070,search_5473597748ef44d2b3321cf0f34c5473,"Could you suggest a study that explores the idea of using prompts to fine-tune language models, potentially providing an alternative viewpoint to standard optimization and regularization methods?",2025-05-22T21:57:48
rerank_search_54ba86a5a63949fcbe159cea3727d881_-3643416888034293169,search_54ba86a5a63949fcbe159cea3727d881,What are the latest advancements in predicting suicidal tendencies using innovative feature extraction methods?,2025-05-22T21:58:19
rerank_search_5502c82fe9d344539b1b052d4d6983ea_4381656750664906903,search_5502c82fe9d344539b1b052d4d6983ea,Have any research papers collected feedback from real users who were using LLMs for scientific writing?,2025-05-22T21:58:07
rerank_search_578fd63f0a0c46d4ad951d124d4b4831_668634546443644195,search_578fd63f0a0c46d4ad951d124d4b4831,Is there research on a specialized language model designed to detect mental health issues on social media platforms?,2025-05-22T21:58:17
rerank_search_58deefdc6f22477c875ea6aff93a915f_-7815835977621245632,search_58deefdc6f22477c875ea6aff93a915f,Could you suggest papers that tackle conversational search by using retrieval and conversational response ranking?,2025-05-22T21:57:50
rerank_search_5ca001716464470ea445e26856f1e163_-3805254626761714625,search_5ca001716464470ea445e26856f1e163,Could you recommend research that investigates how to use data augmentation for improving logical reasoning over text?,2025-05-22T21:57:39
rerank_search_5cb33175c5dd4144ba14301a05e986df_5968014565874963370,search_5cb33175c5dd4144ba14301a05e986df,Could you recommend a study that explores mitigating bias in natural language understanding via example reweighting?,2025-05-22T21:57:26
rerank_search_5d1eea8f608c44b899065123b963dc24_1480427848535657601,search_5d1eea8f608c44b899065123b963dc24,Can you recommend research that uses an LLM to generate better prompts/tempates given task input/output?,2025-05-22T21:57:22
rerank_search_5dcd7bce6a9c4c1aa7584fa9a9d2b0be_-4256516376763898942,search_5dcd7bce6a9c4c1aa7584fa9a9d2b0be,"Could you suggest a study that investigates the incorporation of human intervention in generating adversarial examples to attack conversational agents, with the aim of improving classifier efficacy",2025-05-22T21:57:49
rerank_search_5de6335e180c4375ba796b1bc8ae6f51_-4351706682197904848,search_5de6335e180c4375ba796b1bc8ae6f51,"Could you recommend research that assesses how well language learning models, such as ChatGPT, perform in creating reading comprehension tasks for educational software?",2025-05-22T21:57:34
rerank_search_60fa2f9ed3d44333a639c78161835d03_4976909507927374460,search_60fa2f9ed3d44333a639c78161835d03,Can you recommend a conversational QA dataset where the human questioner does not have access to the evidence passage to simulate a more real-world information-seeking environment?,2025-05-22T21:56:54
rerank_search_63b685f1d78e469c99c707529481d4fd_-4083081185702370493,search_63b685f1d78e469c99c707529481d4fd,"Have any research papers investigated the creation of datasets through model-generated data for annotators to identify hallucinations in the results, specifically for developing diagnostic evaluation datasets?",2025-05-22T21:58:10
rerank_search_63d4c2a16f784236b41fe81e4e285d5b_2513374967622413571,search_63d4c2a16f784236b41fe81e4e285d5b,Are there papers that propose contextualized calibration for the probability of answers in language models?,2025-05-22T21:56:51
rerank_search_63ed19877f8a4a7fbfb912d6d0205b53_-90696664862796265,search_63ed19877f8a4a7fbfb912d6d0205b53,Could you suggest research that examines the difficulties in employing weakly labeled datasets for named entity recognition and offers techniques to mitigate the associated data noise?,2025-05-22T21:57:54
rerank_search_640f70e6c9544d68ab06b948452a9013_5577994531138810096,search_640f70e6c9544d68ab06b948452a9013,Could you suggest research that explores employing independently sampled dropout masks to generate positive pairs in contrastive learning for sentence embeddings?,2025-05-22T21:57:55
rerank_search_66eadd8356184bcab7524e50fbd4aacd_7930667569536013009,search_66eadd8356184bcab7524e50fbd4aacd,Could you recommend research that examines the effect of example sequencing on machine learning model efficacy in few-shot learning scenarios?,2025-05-22T21:57:37
rerank_search_673394253d9e449d96f7c4ce6f7d7229_4250489156310691080,search_673394253d9e449d96f7c4ce6f7d7229,"Could you recommend research that introduces a metric for assessing Text-to-Image synthesis, emphasizing the semantic congruence between the text and the produced image rather than solely the visual quality?",2025-05-22T21:57:38
rerank_search_6aa5d6452eb24ebdaf6e9f51ba73caca_-488229799602489204,search_6aa5d6452eb24ebdaf6e9f51ba73caca,Could you suggest research that investigates improving retrieval-based conversational systems using by combining masked language modeling and relevance classification objectives?,2025-05-22T21:58:01
rerank_search_6c1bbd0bd77548f38a90fbc6fe4817c4_2061240381803446693,search_6c1bbd0bd77548f38a90fbc6fe4817c4,Could you direct me towards a study that explores the potential to predict a reader's native language based on their eye movement patterns while reading English texts?,2025-05-22T21:56:58
rerank_search_6c464aa67f794b04b3263556afdcd7d4_3747834255925348982,search_6c464aa67f794b04b3263556afdcd7d4,Are there any studies investigating sentiment analysis through text-to-graph conversion models that incorporate contextual embeddings?,2025-05-22T21:57:21
rerank_search_754b647b82e943099b05533eef6b9362_8042856254499022748,search_754b647b82e943099b05533eef6b9362,"Could you recommend research that investigates techniques for creating counterfactual examples to enhance question-answering systems, such as training a T5 model augmented with retrieval?",2025-05-22T21:57:40
rerank_search_755612ad87a34851a3df041efc54969c_3274391217136316759,search_755612ad87a34851a3df041efc54969c,Could you suggest a study examining how transformer models utilize feed-forward neural networks (FFNs) to encode factual information?,2025-05-22T21:57:45
rerank_search_76855b748d7246b9a8e82208641a56f1_-4616333013020495192,search_76855b748d7246b9a8e82208641a56f1,Could you suggest a study that explores improved training methods for dense passage retrieval within open-domain question answering systems?,2025-05-22T21:57:47
rerank_search_7915357afcba4accbc18ed23292fde9e_-5621150190739826085,search_7915357afcba4accbc18ed23292fde9e,Could you recommend a study that investigates knowledge transfer from structured databases to unstructured data sources for improving sophisticated question-answering systems?,2025-05-22T21:57:30
rerank_search_7e525f9211af4f49b3eb40dceca50d85_852540809514408623,search_7e525f9211af4f49b3eb40dceca50d85,Could you suggest research that examines how the order of in-context examples influences the efficacy of in-context learning in language models?,2025-05-22T21:57:52
rerank_search_7ef2651a6193430886e3b80f8bef2020_-3121917516103825441,search_7ef2651a6193430886e3b80f8bef2020,Could you recommend a study that investigates employing prefix vectors for conditional natural language generation?,2025-05-22T21:57:28
rerank_search_7f83e3ec8fb245a2a0018807cd231636_-7258287632823118067,search_7f83e3ec8fb245a2a0018807cd231636,Could you recommend studies that provide a baseline for experiments using supervised constituency parsers with a focus on few-shot learning settings and have also reported on the use of pre-training and data augmentation techniques for parser performance improvement?,2025-05-22T21:57:00
rerank_search_80fc976419ca4b6091d4dd53bebff58c_-5942223691513101885,search_80fc976419ca4b6091d4dd53bebff58c,Could you recommend studies on hierarchical modeling of user interests for tailoring news recommendation systems?,2025-05-22T21:57:43
rerank_search_816cf778da9e480d85bbe94b647d202e_5420950029402995456,search_816cf778da9e480d85bbe94b647d202e,Could you suggest research that examines how prompt tuning efficacy in language model training is affected by scaling?,2025-05-22T21:57:52
rerank_search_817d2a7ac9a7431ca302fc25aa54e804_-3845663513023548097,search_817d2a7ac9a7431ca302fc25aa54e804,What approaches have been used to address the limitations of the beam search method in neural machine translation systems in terms of considering the full target context?,2025-05-22T21:57:09
rerank_search_81873533973d49c2a6bf354e97e97ffd_7602575029498073429,search_81873533973d49c2a6bf354e97e97ffd,Could you suggest a study that evaluates cross-encoder BERT rankers?,2025-05-22T21:57:46
rerank_search_831a1d8f5497478f826c466a4726541c_-6008423489217732020,search_831a1d8f5497478f826c466a4726541c,Are there any research papers investigating the improvement of radiology report summarization through the application of graph neural networks in conjunction with biomedical entity extraction?,2025-05-22T21:57:20
rerank_search_83dc8accfd6448ffa9f786c317e52f0d_2859998616077257576,search_83dc8accfd6448ffa9f786c317e52f0d,"What are the recent developments in evaluating the flow or 'streaming degree' of the translation processes in simultaneous machine translation (SiMT), and which metric has proven useful for this purpose?",2025-05-22T21:57:12
rerank_search_84063249e05c418ba63b9fd833426273_4734551790921171447,search_84063249e05c418ba63b9fd833426273,Is there any paper that tried fine-tuning mBERT to enhance word-level alignment in a multilingual setting?,2025-05-22T21:58:16
rerank_search_8844569debfc4926a22211c0bdad6560_5124266406240704030,search_8844569debfc4926a22211c0bdad6560,I'm exploring efficient transformer architectures for language embeddings and came across some work that utilizes advanced pre-trained models. Which paper should I reference to learn more about the use of XLM-R for multilingual representation learning in a transformer-based setting?,2025-05-22T21:57:03
rerank_search_88fa0859c70f4cef952d48c22825cd8d_-6017310274905371507,search_88fa0859c70f4cef952d48c22825cd8d,Can you direct me to studies that explore techniques like question answering and passage retrieval for mitigating the effects of clickbait headlines?,2025-05-22T21:56:51
rerank_search_8becdd231a9d49598776a528796001dc_-8066052818358183394,search_8becdd231a9d49598776a528796001dc,Could you suggest research that investigates efficient finetuning methods that only trains very very few parameters in language models?,2025-05-22T21:57:58
rerank_search_8c7e5f60faf14315b2cc032e7ed778e8_7954683010926711407,search_8c7e5f60faf14315b2cc032e7ed778e8,"Could you recommend research that investigates the influence of cognitive biases on human interpretation of AI-generated explanations, specifically within the realm of explainable natural language processing?",2025-05-22T21:57:41
rerank_search_8cec4b6a41664ab6ab73e357a776d516_-1929014084393804153,search_8cec4b6a41664ab6ab73e357a776d516,I'm exploring ways to enhance question answering systems through domain adaptation. Could you point me towards research that specifically focuses on synthetic data generation for this purpose?,2025-05-22T21:57:03
rerank_search_8d1314974e46476698c02f83d0b755c0_-7458156453346421984,search_8d1314974e46476698c02f83d0b755c0,"Could you recommend a study that investigates how a subset with clean, annotated datasets improve denoising methods?",2025-05-22T21:57:29
rerank_search_8ddf06a07d9b400b84d9348ce0ae727f_6160036551317844794,search_8ddf06a07d9b400b84d9348ce0ae727f,Have any research papers introduced a dedicated pre-training architecture designed to improve dense retrieval system efficacy?,2025-05-22T21:58:09
rerank_search_8efddb0ccf674241933af7a87dfd8d6c_-1428740344828948075,search_8efddb0ccf674241933af7a87dfd8d6c,Have any research papers tried to create conversational agents with inner states represented by a knowledge graph that can be continually updated based on the agentâ€™s environment?,2025-05-22T21:58:10
rerank_search_8f5ddaca04ac466780eb8bec53139550_5353037121105664078,search_8f5ddaca04ac466780eb8bec53139550,How can SQL-to-text be utilized to improve text-to-SQL parsing through data augmentation techniques?,2025-05-22T21:58:12
rerank_search_9070b7125314472bb6dc24bd5a290c1a_-3434586984118061556,search_9070b7125314472bb6dc24bd5a290c1a,Could you recommend a study that explores strategies for improving multi-label text classification by incorporating information about label distribution directly into the loss function?,2025-05-22T21:57:26
rerank_search_9101c8b7bbf343468f63e0d1da890c08_-2151333869057039269,search_9101c8b7bbf343468f63e0d1da890c08,Could you suggest a study that proposes high-parameter efficeint fine-tuning techinque that only trains the bias terms?,2025-05-22T21:57:49
rerank_search_91088695f2ff4b5f913dc6ee560ded2f_9221841153905943938,search_91088695f2ff4b5f913dc6ee560ded2f,Are there studies examining how well question answering systems perform on queries that cannot be directly recalled from their training data?,2025-05-22T21:57:21
rerank_search_92752d7253aa4abd910dd73263bcbbb5_3976378977991576341,search_92752d7253aa4abd910dd73263bcbbb5,I am looking for research that has explored topic and frame conditioning in transformer language models to enhance the quality of generated argument claims. Is there a paper discussing this approach?,2025-05-22T21:57:02
rerank_search_92f0d34767564b4083268afc819c38da_-3994025387762055861,search_92f0d34767564b4083268afc819c38da,Has any research explored using other off-the-shelf summarization techniques to improve neural abstractive summarization?,2025-05-22T21:58:04
rerank_search_93a0dd8f4fff41cb8f1c0c4cb9c192d2_2525835664774650886,search_93a0dd8f4fff41cb8f1c0c4cb9c192d2,Could you suggest research that investigates how undetectable backdoor attacks are in NLP models?,2025-05-22T21:58:01
rerank_search_94040b260669452a85b08fc65d0ddee8_5494224124654177747,search_94040b260669452a85b08fc65d0ddee8,Could you recommend research that examines how optimized continuous prompts perform against discrete prompts in relational tasks?,2025-05-22T21:57:36
rerank_search_948b98f1779a47f4a5e789544eef247a_-8616772394420383043,search_948b98f1779a47f4a5e789544eef247a,Could you suggest research that examines how well structured pruning techniques perform in developing both small and precise models in natural language processing?,2025-05-22T21:57:53
rerank_search_94ae342c946e4260aa6a72a594f71567_-5114201196155777759,search_94ae342c946e4260aa6a72a594f71567,Could you recommend research papers that investigate employing Transformer-based architectures for completing knowledge graphs?,2025-05-22T21:57:33
rerank_search_94b4d3a425e34e3993b6585264d49453_6019165032664835891,search_94b4d3a425e34e3993b6585264d49453,"Could you recommend research that examines how an annotator's individual attributes, like their gender, ethnicity, and political views, influence their judgment of content deemed offensive?",2025-05-22T21:57:35
rerank_search_94cb80c532f143509e814a8b99e7fb08_5134569147085856605,search_94cb80c532f143509e814a8b99e7fb08,Can you suggest research that deals with the multiple input sources in clinical text processing by combining several recurrent modules which are each responsible for a single source of information?,2025-05-22T21:57:23
rerank_search_962ab8779aef40758a6a0c644294573c_-7027535706926160310,search_962ab8779aef40758a6a0c644294573c,Could you point me toward some large-scale multilingual Amazon customer review data?,2025-05-22T21:56:59
rerank_search_973deaf6d3c149d3a7aaa548d0239f7b_-7154795054309273400,search_973deaf6d3c149d3a7aaa548d0239f7b,Where might I find a dataset annotated specifically for patronizing and condescending language to use in computational linguistics research?,2025-05-22T21:57:17
rerank_search_97e44a093fe0495898e4eec4d9879339_-5232039707325546861,search_97e44a093fe0495898e4eec4d9879339,"In researching metrics for human-interaction with computer-assisted translation tools, which studies have analyzed parameters such as the keystroke ratio and mouse action ratio to quantify user effort or engagement?",2025-05-22T21:57:07
rerank_search_986a63f182d94086870279e10cb2db15_3778047463152146934,search_986a63f182d94086870279e10cb2db15,Could you suggest research that trains language models specifically on mental health-related social media data and the model is helpful for identifying mental health issues?,2025-05-22T21:58:03
rerank_search_991ee5dd2cc941888dc4a6b7061f6489_-7383968789596864712,search_991ee5dd2cc941888dc4a6b7061f6489,"What are some techniques or tools used in machine learning for matching and grounding annotated data to an existing knowledge base, particularly using sentence embedding-based cosine similarity or clustering algorithms?",2025-05-22T21:57:12
rerank_search_996ff4b6fbcf4708967d89beae67b965_-1001154562984267076,search_996ff4b6fbcf4708967d89beae67b965,Are there any resources available for translating Tunisian Arabic dialect that contain both manually translated comments by native speakers and additional data augmented through methods like segmentation at stop words level?,2025-05-22T21:56:50
rerank_search_999e93e7f58e414099ba3addb53e8b45_8972111228186360841,search_999e93e7f58e414099ba3addb53e8b45,What are some scholarly articles that explore the enhancement of dense retrieval in student models through the application of prediction distributions from teacher models?,2025-05-22T21:58:19
rerank_search_99e925b3d78147f59e0c66af9db31e57_-7261528272826061644,search_99e925b3d78147f59e0c66af9db31e57,Could you suggest a study that explores a compression method that merges product quantization with integer quantization for token-level retrieval?,2025-05-22T21:57:46
rerank_search_9c0301f437674c468476dba882cd8a92_7981325670741420478,search_9c0301f437674c468476dba882cd8a92,Have any research papers suggested techniques for automatically choosing in-context examples?,2025-05-22T21:58:10
rerank_search_9c35ef9923444c15b39f81c4302843eb_-9055657668187270595,search_9c35ef9923444c15b39f81c4302843eb,"Could you suggest research that investigates how neural language models' forecasts correlate with human linguistic processing, especially in terms of syntactic surprisal?",2025-05-22T21:58:01
rerank_search_9f8678d3e6df48ba82ebcdfe67cae50d_7291647343397550769,search_9f8678d3e6df48ba82ebcdfe67cae50d,Could you suggest research that examines the effects of starting language models with weights from pretrained nondiffusion models on the convergence behavior of diffusion losses?,2025-05-22T21:57:55
rerank_search_9fcc1cb9a2ad4cb5b04a7f0c5e7e1db3_-3231461339494006355,search_9fcc1cb9a2ad4cb5b04a7f0c5e7e1db3,"Could you recommend research that investigates generative modeling approaches for event extraction, specifically focusing on leveraging large pre-trained language models to reduce the complexity of template engineering?",2025-05-22T21:57:39
rerank_search_9ff04a6197134dca9dd0e1e1a9983530_158747770480895946,search_9ff04a6197134dca9dd0e1e1a9983530,Can you point me to a paper that discussed transformer-based sentence embeddings?,2025-05-22T21:56:52
rerank_search_a024653cb6d5487f883213052a096b17_6707126292362836490,search_a024653cb6d5487f883213052a096b17,Have any papers tried to address the background-shift problem in named entity recognition by identifying non-entity type tokens belonging to old entity types through knowledge distillation from an old model?,2025-05-22T21:58:06
rerank_search_a03f698fd2ec45799951d409c88826e2_1379811480322807802,search_a03f698fd2ec45799951d409c88826e2,I'm conducting research on computational humor and looking at various approaches to detect it within texts. What are some articles that explore features like repetition or use language models like GPT-2 for humor recognition?,2025-05-22T21:57:03
rerank_search_a05aa68e139a49468dbf4049baf4bbc6_8389308802338808113,search_a05aa68e139a49468dbf4049baf4bbc6,Could you suggest research that investigates how cross-attention mechanisms improve the interplay between token and syntax data within automated program repair systems?,2025-05-22T21:58:00
rerank_search_a0db8b61f78b44658dd7ad3f014f5af8_-4060389750995812038,search_a0db8b61f78b44658dd7ad3f014f5af8,"In the context of simultaneous machine translation, which tool or technique could I use to generate ground-truth alignments for training models to interpret and generate translations incrementally?",2025-05-22T21:57:09
rerank_search_a17fe2cc8bc24f8682a4ce15fcc13aa8_3083615523907935600,search_a17fe2cc8bc24f8682a4ce15fcc13aa8,Could you suggest research that examines a system for multimodal annotation intended to assist people in analyzing dialogues within video content?,2025-05-22T21:57:51
rerank_search_a1ee0605cc8d48aaae0ebe37aa0af034_9162700348162421903,search_a1ee0605cc8d48aaae0ebe37aa0af034,Are there any papers on training video-language models with contrastive approahes and evaluation on temporal localization tasks?,2025-05-22T21:57:19
rerank_search_a20fcab447564b2ba37c7c6cd705d8e5_-950035355388574687,search_a20fcab447564b2ba37c7c6cd705d8e5,Could you recommend a study that explores how language models are not robust to the surface form editing when testing commonsense knowledge?,2025-05-22T21:57:26
rerank_search_a260c31458d24b3da34a9cc1cb80a4e2_-8496430678590634182,search_a260c31458d24b3da34a9cc1cb80a4e2,Could you suggest datasets that can benchmark LLM performance in achieving conversational continuity and recall over long multi-session conversations?,2025-05-22T21:57:50
rerank_search_a27414a5982e406e98fd6bff1709341b_-5756392769023088559,search_a27414a5982e406e98fd6bff1709341b,Could you suggest studies focused on emotion-classification within group dialogues?,2025-05-22T21:58:03
rerank_search_a52d3248e87648c19a61b1caa7b2ae67_-1664234103057011967,search_a52d3248e87648c19a61b1caa7b2ae67,Could you recommend research that explores how the loss of spatial information impacts the effectiveness of global features in visual tasks?,2025-05-22T21:57:37
rerank_search_a68224fcf10b428688e4273a68d36e76_-4537716275796196130,search_a68224fcf10b428688e4273a68d36e76,"Could you suggest research that investigates aspect-based sentiment analysis across different languages, incorporating methods such as code-switching of aspect terms?",2025-05-22T21:57:58
rerank_search_aa5469da09894b28b0a686ba2a4a8a27_4452406267937488168,search_aa5469da09894b28b0a686ba2a4a8a27,What research should I explore to understand methods for matching word senses in contexts using embeddings without relying on external lexical resources?,2025-05-22T21:57:14
rerank_search_ab80a291dff843a2a57d71b25fc822c3_1457733087514067276,search_ab80a291dff843a2a57d71b25fc822c3,Could you recommend a study that investigates enhancing prompt engineering techniques for generative models using meta-learning strategies?,2025-05-22T21:57:28
rerank_search_ac0a0d87466d4d7bb53f369aa514e926_773290354842059703,search_ac0a0d87466d4d7bb53f369aa514e926,"Could you suggest a study that examines how well contrastive learning performs in unimodal representation learning, specifically for sentence embeddings?",2025-05-22T21:57:46
rerank_search_ad8198a75da4485b8d9c83f99356e4fd_-1633383956508743279,search_ad8198a75da4485b8d9c83f99356e4fd,Could you recommend research that examines how decoding strategies like top-k impact hallucinatory in generated text?,2025-05-22T21:57:35
rerank_search_ae7c97c6b10248599c83ed0e2a47ca3d_-3018224863439861014,search_ae7c97c6b10248599c83ed0e2a47ca3d,Could you recommend a study that explores employing variational autoencoders to standardize open knowledge graphs?,2025-05-22T21:57:26
rerank_search_b00e9952f48a4f43a526f700006e8473_-7491166868886805558,search_b00e9952f48a4f43a526f700006e8473,Is it possible to adatp named entity recognition systems to learn new entities by combining knowledge distillation and synthetic data augmentation by using a two-stage training approach?,2025-05-22T21:58:13
rerank_search_b026ccf7ff0945619e8f9f4ba2397fc8_597976430167504738,search_b026ccf7ff0945619e8f9f4ba2397fc8,"Can you point to studies or tasks focused on detecting patronizing and condescending language, particularly in contexts involving vulnerable communities?",2025-05-22T21:56:54
rerank_search_b045fefa85d146d99485fe27f170d0ff_6013492926738188561,search_b045fefa85d146d99485fe27f170d0ff,Could you suggest research that explores the improvement of Recurrent Neural Network Transducers (RNN-T) through the integration of cross-attention mechanisms for use in simultaneous translation?,2025-05-22T21:57:56
rerank_search_b0573e225c674adf89869dfa9b213602_-1647567792158935858,search_b0573e225c674adf89869dfa9b213602,Could you recommend a study that examines the intricacies of few-shot relation extraction challenges and introduces an approach integrating both global and local attributes alongside external descriptions of relations?,2025-05-22T21:57:25
rerank_search_b2f6663f217a44a483af2c1162e16a77_-4130511412664339710,search_b2f6663f217a44a483af2c1162e16a77,What are some good datasets for conversational question answering?,2025-05-22T21:57:10
rerank_search_b4e2a396da344ccb8143c851426e2418_-3457066612759989107,search_b4e2a396da344ccb8143c851426e2418,"Have there been any advancements in language models that operate without tokenization and emphasize encoding at the character level, and what benefits might they have compared to conventional methods using subword tokenization?",2025-05-22T21:58:11
rerank_search_b5417741ab054fc4867842b5897491d6_-8410463745342182161,search_b5417741ab054fc4867842b5897491d6,"Can you recommend some literature that focuses on dependency-based models for relation extraction, especially those that utilize dependency parsing to capture non-local syntactic relations?",2025-05-22T21:56:55
rerank_search_b9930321526143f983e94513e08340f9_7526631233703649141,search_b9930321526143f983e94513e08340f9,Could you recommend a study that investigates graph-based modeling of interactivity among various modalities over time within non-aligned multimodal sequential datasets?,2025-05-22T21:57:29
rerank_search_baccd175106b4a9d84c18a05c64a9a89_2077681354994319220,search_baccd175106b4a9d84c18a05c64a9a89,Could you recommend a study that investigates the use of trainable prompts to enhance the parameter optimization process in machine learning models?,2025-05-22T21:57:32
rerank_search_bb096034b61a4a2992bb0f2ff8b83327_3948797354595956841,search_bb096034b61a4a2992bb0f2ff8b83327,I'm interested in understanding how perplexity is utilized in identifying misinformation or fact-checking. Are there studies discussing this application of perplexity?,2025-05-22T21:57:04
rerank_search_bb262fdab89145ff9da12f4310166c85_-3966878043183597304,search_bb262fdab89145ff9da12f4310166c85,"In multi-hop question answering, is there a paper that explores ""per-hop"" retrieval evaluation that treats each hop of retrieval independently?",2025-05-22T21:58:13
rerank_search_bc88e54663aa40b3b11652edf26e59e9_4141230605440672548,search_bc88e54663aa40b3b11652edf26e59e9,Are there any studies on incorporating external commonsense knowledge into conversational models to enhance emotional support?,2025-05-22T21:57:21
rerank_search_c3b14a3088b04c5ca1c14ce616e64b8b_-3798436032754058639,search_c3b14a3088b04c5ca1c14ce616e64b8b,What are some recent advancements in training systems to parse complex multi-hop questions into a sequence of simpler query steps for improved question answering?,2025-05-22T21:57:11
rerank_search_c3ef486cea37474eba33b43b3fd766da_-4806705216970775403,search_c3ef486cea37474eba33b43b3fd766da,Have any research papers critically analyzed the performance speed of non-autoregressive translation models compared to autoregressive models,2025-05-22T21:58:07
rerank_search_c5d59021204a4be19f4b6f115d383e38_-3462676508038740477,search_c5d59021204a4be19f4b6f115d383e38,"Can you show me a paper that built a large structured knowledge base from wikipedia, that can then be used for entity linking and ranking tasks?",2025-05-22T21:57:22
rerank_search_c608b06421c7435894deb1e2c9e7f1a5_853625510073603405,search_c608b06421c7435894deb1e2c9e7f1a5,Could you recommend research that examines the challenges faced by pre-trained language models in learning inferential commonsense knowledge when the context is sparse?,2025-05-22T21:57:36
rerank_search_c83273b49abd49acb79cdea069b36e6f_-4104553438580244177,search_c83273b49abd49acb79cdea069b36e6f,"Could you recommend a study that investigates how contrastive learning enhances sentence-level embeddings in natural language processing, especially for subsequent applications?",2025-05-22T21:57:29
rerank_search_c842bf03235a4ef599a78a8dc64039c4_4853003351943168499,search_c842bf03235a4ef599a78a8dc64039c4,Can you recommend a foundational paper that provides a scalable framework for generating English sentences with controllable semantic and syntactic attributes for the purpose of augmenting datasets in NLP tasks?,2025-05-22T21:56:54
rerank_search_c8d2eaa3b2b348ca860afc063ebd8d80_5789425178329262738,search_c8d2eaa3b2b348ca860afc063ebd8d80,Have any research papers examined whether using language models for providing evidence in fact-checking systems risks propagating biases?,2025-05-22T21:58:08
rerank_search_c8fa32512fa94ac89bcdec02ffb0f980_5874244240282224731,search_c8fa32512fa94ac89bcdec02ffb0f980,"In the context of natural language processing, I am looking for research that explores the relationship between a model's prediction entropy and its tendencies to copy existing text versus generating novel content. Can you recommend a paper?",2025-05-22T21:57:08
rerank_search_c91dfb2040a0469da321494b82c234fb_-2340935777188895103,search_c91dfb2040a0469da321494b82c234fb,Could you suggest research that explores the drawbacks of dense retrieval systems especially with large-scale indices?,2025-05-22T21:57:56
rerank_search_ca1cd814959c4664bb1fcf559540c29a_4746948864564548676,search_ca1cd814959c4664bb1fcf559540c29a,Can you suggest literature on enhanced semantic parsing methods that focus on generating high-quality meaning representations and utilize knowledge-constrained decoding under specific grammar rules?,2025-05-22T21:56:57
rerank_search_cc864066043a467c91c8b243d10722b6_596628242566060675,search_cc864066043a467c91c8b243d10722b6,Could you suggest research that examines how coreference resolution affects dialogue summarization quality?,2025-05-22T21:57:51
rerank_search_ccd92c19c81c460f83fc467c708120df_6059336045527121713,search_ccd92c19c81c460f83fc467c708120df,Could you suggest a dataset for question-answering frameworks utilizing temporal knowledge graphs with broad coverage?,2025-05-22T21:57:45
rerank_search_cd8a83a4ad884943be718f53cf3bfc6a_-530002144766191775,search_cd8a83a4ad884943be718f53cf3bfc6a,"Have any research papers suggested methods for summarizing arbitrary length documents without truncating the input, by using memory networks?",2025-05-22T21:58:10
rerank_search_d08978e894744e05a2b63442a10eaf1f_-735623924919665474,search_d08978e894744e05a2b63442a10eaf1f,"Can you refer me to research that adapts the concept of Word Mover's Distance to sentences, addressing the limitations of bag-of-words approaches and considering the order of words for text similarity?",2025-05-22T21:56:55
rerank_search_d0acff983fbb4fcd9069c165d61b6530_-945772123439056214,search_d0acff983fbb4fcd9069c165d61b6530,Could you recommend research that has introduced a dual-phase method for sentence paraphrasing?,2025-05-22T21:57:38
rerank_search_d1a509eea37749c0bb204c718304fe86_-7756664326425991493,search_d1a509eea37749c0bb204c718304fe86,Could you suggest research that examines the application of specialized architecture in pre-trained language models to enhance text-to-SQL tasks?,2025-05-22T21:57:53
rerank_search_d37c14f4dec5411b9e47686fe9292618_-9184716909763311382,search_d37c14f4dec5411b9e47686fe9292618,Could you suggest research that explores generating synthetic labels for sentences within a vast text collection to pre-train models for few-shot learning applications?,2025-05-22T21:57:56
rerank_search_d3dba2b4bc3a4717b7a4104007f515fc_1727158361740174723,search_d3dba2b4bc3a4717b7a4104007f515fc,"In discourse parsing literature, which works have explored parser performance by adopting the original Parseval procedure and reporting micro-averaged F1 scores?",2025-05-22T21:57:06
rerank_search_d54fe2d5919f4e54b18f3b145f9a7ad3_6225899478263285137,search_d54fe2d5919f4e54b18f3b145f9a7ad3,"Could you suggest studies that employ novel methods for capturing data, specifically in the context of sarcasm detection on social media platforms like Twitter?",2025-05-22T21:57:01
rerank_search_d5806c9d97d94b6cab4596dcc71554f8_-7456725666837355122,search_d5806c9d97d94b6cab4596dcc71554f8,Could you recommend a study that investigates guiding abstractive summarization through assessing sentence informativeness?,2025-05-22T21:57:29
rerank_search_d86f06433d404b4c90946409eb6d8274_-3205946607434721799,search_d86f06433d404b4c90946409eb6d8274,Could you recommend research that investigates applying conventional data augmentation methods such as removing words and truncating sequences to contrastive learning in NLP applications?,2025-05-22T21:57:39
rerank_search_d93ef006c52341c0b6c79c99ea586d07_5910597515490550978,search_d93ef006c52341c0b6c79c99ea586d07,What research has been done on annotating user comments with claim verifiability,2025-05-22T21:57:14
rerank_search_dc56b1eaf34f44db922b119a1ddd3685_2377756011058935209,search_dc56b1eaf34f44db922b119a1ddd3685,Can you suggest recent studies that have integrated prompt fine-tuning into semi-supervised learning workflows for natural language understanding tasks?,2025-05-22T21:56:57
rerank_search_dcf335ba58ed409da3d78958a4dc8199_6878874462308979453,search_dcf335ba58ed409da3d78958a4dc8199,Are there studies that investigate debiasing language models automatically using prompting?,2025-05-22T21:57:21
rerank_search_df0077efa4a64900a4d718f6a1addee7_2413714918284682815,search_df0077efa4a64900a4d718f6a1addee7,Is there a dataset available for open-domain targeted sentiment analysis containing user reviews from platforms like Yelp and Amazon?,2025-05-22T21:58:14
rerank_search_df544f41cc934f6a84fe4162da1d5fe5_311071616941949156,search_df544f41cc934f6a84fe4162da1d5fe5,Could you suggest research that examines the challenges faced by neural networks in discerning causation from correlation?,2025-05-22T21:57:54
rerank_search_e003c6769e3241e8a4273421b2b783c0_703308389201720999,search_e003c6769e3241e8a4273421b2b783c0,"In the context of Named Entity Recognition tasks across multiple languages, which work highlights the necessity of retrieving related knowledge to aid in the annotation of ambiguous named entities?",2025-05-22T21:57:07
rerank_search_e054d9ff34c64fb8a88f0929f21a5c10_2743838728627033511,search_e054d9ff34c64fb8a88f0929f21a5c10,Could you suggest research that includes an online community dataset used to examine machine learning models for hate speech identification?,2025-05-22T21:57:57
rerank_search_e0fd6d429e0f46e9add6698975b1c511_-2544375015538093892,search_e0fd6d429e0f46e9add6698975b1c511,Are there any tools or studies that have focused on building a morphological analyzer specifically for handling multiple Arabic dialects?,2025-05-22T21:56:50
rerank_search_e2422c2e30564a17a5719b6559e28a42_-3384742013924249834,search_e2422c2e30564a17a5719b6559e28a42,Could you suggest research that shows multilingual language models can understand plural/singular verb agreement across multiple languages?,2025-05-22T21:58:02
rerank_search_e2e26e7e934445c6a97f0f7c84a00367_3902395598292994292,search_e2e26e7e934445c6a97f0f7c84a00367,Where can I find research about automatic evaluation metrics in summarization tasks disagree with each other?,2025-05-22T21:57:17
rerank_search_e5eb4ea4b62f4685806b8fd2732e3cbd_5426812452956288285,search_e5eb4ea4b62f4685806b8fd2732e3cbd,I'm looking for a paper that discusses improvements in constituency parsing performance by applying a partition strategy for content embedding and positional embedding within self-attention and label attention layers.,2025-05-22T21:57:04
rerank_search_e6d19705a861451cbe8a33e6a139406a_-7820169920072790239,search_e6d19705a861451cbe8a33e6a139406a,Could you recommend research that investigates how to use contrastive learning for improving logical reasoning over text?,2025-05-22T21:57:39
rerank_search_e7c6486943a7484e800d028457bf2981_6506995420476849655,search_e7c6486943a7484e800d028457bf2981,Has there been any work that improves the work on integrated gradients by leveraging interpolation strategies to improve gradient accuracies?,2025-05-22T21:58:05
rerank_search_e81916375547409db6cad4b5499909a0_1789907596119521166,search_e81916375547409db6cad4b5499909a0,I'm looking into morphological embedding algorithms that build upon the word2vec model by utilizing character n-grams. Which papers should I read to learn more about this approach?,2025-05-22T21:57:05
rerank_search_e952e7327fcc4f7d8121d219342ed920_-9068471140712931933,search_e952e7327fcc4f7d8121d219342ed920,Have any new metrics been developed to assess the factual alignment of machine-generated summaries with their original source texts?,2025-05-22T21:58:05
rerank_search_ea59798cace044349fe8436726c02914_2987730237513832823,search_ea59798cace044349fe8436726c02914,What are some of the key papers to look at for understanding how attention mechanisms have been used to enhance bidirectional recurrent neural networks in relation classification tasks?,2025-05-22T21:57:10
rerank_search_ec0979786dea4020b1d8c461a1e10b55_1516648876892509773,search_ec0979786dea4020b1d8c461a1e10b55,What are some approaches to generating sports news reports from event data and what models have been used for this task in Finnish language NLP?,2025-05-22T21:57:10
rerank_search_ec1d3b3540ef4e3783bca00b8b363dbf_7916280049507846694,search_ec1d3b3540ef4e3783bca00b8b363dbf,Have any research papers investigated human capacity to distinguish AI-generated text from human-authored text?,2025-05-22T21:58:09
rerank_search_ec96c67682324a6a9d72eb0c2fc36547_-2032040486659464260,search_ec96c67682324a6a9d72eb0c2fc36547,Could you recommend scholarly articles that investigate the practice of refining language models through the exclusive modification of bias parameters in their linear components?,2025-05-22T21:57:42
rerank_search_ed2f74389e1f498b8c50d6b75f531cfc_9092479945126069505,search_ed2f74389e1f498b8c50d6b75f531cfc,Could you recommend a study that does data-augmentation for biomedical named-entity recognition by replacing entities in the original sentence with entities of the same type from semantically similar sentences?,2025-05-22T21:57:24
rerank_search_eea3295b65b64052ab547576c41dc1fb_6856722685803249924,search_eea3295b65b64052ab547576c41dc1fb,Could you recommend a contemporary research paper that has advanced natural language watermarking quality through algorithmic methods?,2025-05-22T21:57:24
rerank_search_f0e1455b89274d4f81500e71f3e80b31_2513838951632822057,search_f0e1455b89274d4f81500e71f3e80b31,"Where can I find a multilingual corpus that includes reviews on DVDs, music, and books for the purposes of cross-language sentiment classification research?",2025-05-22T21:57:16
rerank_search_f0f73ca4239c41999ca8174a41d15b0a_955249797918685777,search_f0f73ca4239c41999ca8174a41d15b0a,Could you recommend articles that explore the role of late interaction in dense retrieval systems and its influence on the performance of information retrieval?,2025-05-22T21:57:32
rerank_search_f1bd57c59c1840fea5810ec1c1d83b18_5126659515649744334,search_f1bd57c59c1840fea5810ec1c1d83b18,Have any research efforts been made to gather dialogue data via crowdworkers to enhance conversational information retrieval systems?,2025-05-22T21:58:06
rerank_search_f1fc9614c8284527ba20bee9a4dee618_6573985524285456070,search_f1fc9614c8284527ba20bee9a4dee618,I'm looking for a comprehensive dataset that has been influential in fact verification research,2025-05-22T21:57:04
rerank_search_f38318a40bbe469d858a049e3b2b648d_3662925010150366993,search_f38318a40bbe469d858a049e3b2b648d,Is there a dataset containing question-answer pairs used in psychological counseling available for research?,2025-05-22T21:58:14
rerank_search_f4d0004660444f2d92216741c44ccb42_-7788734461887009652,search_f4d0004660444f2d92216741c44ccb42,Are there any research papers on methods to compress large-scale language models using task-agnostic knowledge distillation techniques?,2025-05-22T21:56:49
rerank_search_f5d32f67f3324a63bf6fb3075f2ed91e_-2442469227075792822,search_f5d32f67f3324a63bf6fb3075f2ed91e,What are some studies that explore data-poisoning strategies that only require very few poisoned training examples?,2025-05-22T21:58:19
rerank_search_f6b03463edae4f72b5619cb222e6070d_-5340723152348475237,search_f6b03463edae4f72b5619cb222e6070d,Could you suggest a study that explores data annotation paradigms that help assuage concerns in lack of annotator expertise when using crowdsourcing?,2025-05-22T21:57:47
rerank_search_f722f033d81e461f87700ef3e989b09d_8425116513468437288,search_f722f033d81e461f87700ef3e989b09d,Is there a study that investigates if large language models can assist with generating ideas pertinent to scientific concepts during the scientific writing ideation stage?,2025-05-22T21:58:15
rerank_search_f7d29292a8774f52a0edd3e8e3ede06b_-7577844738624303192,search_f7d29292a8774f52a0edd3e8e3ede06b,Which corpora are frequently used in research to benchmark English readability assessment tools?,2025-05-22T21:57:18
rerank_search_f8381e7f6c2845c08fd7a61216ed9cd7_-5679806021880086578,search_f8381e7f6c2845c08fd7a61216ed9cd7,Are there any recent papers investigating the use of expert and anti-expert models together to guide text generation and mitigate toxic output?,2025-05-22T21:57:20
rerank_search_fa961ec281a74fc398cbb2883e4ae76f_-8960164991278538932,search_fa961ec281a74fc398cbb2883e4ae76f,Could you suggest a study that explores employing a beta distribution to sample span sizes within unsupervised learning frameworks for text representation?,2025-05-22T21:57:47
rerank_search_fbaac5d943c7479696beeec2c0b31116_3790054649474263448,search_fbaac5d943c7479696beeec2c0b31116,"Have any research papers explored methods to improve BERT's efficiency on long-text tasks, such as early exiting or self-distillation strategies?",2025-05-22T21:58:08
rerank_search_fbee2d929e5d470c8aa3a9494c9271ac_-6117732362871092911,search_fbee2d929e5d470c8aa3a9494c9271ac,I am looking to understand more about sequence-to-sequence pre-training and its applications in natural language tasks. Can you suggest a significant paper that describes the denoising process for such models?,2025-05-22T21:57:02
rerank_search_fc4ffce8afbc4ac9b7a8391ce97c76de_7647895989150452609,search_fc4ffce8afbc4ac9b7a8391ce97c76de,Could you suggest research that examines how prompt tuning can be used for domain transfer?,2025-05-22T21:57:51
rerank_search_fc51ed4f9a8b49f1b2916cbfae662944_506846706601598616,search_fc51ed4f9a8b49f1b2916cbfae662944,Could you recommend research that proposed enhancing the RoBERTa model for event extraction by adding a Bi-LSTM and a CRF layer?,2025-05-22T21:57:42
rerank_search_fc73d56d772144c2b6b828cf4d16aecf_1172796629935798036,search_fc73d56d772144c2b6b828cf4d16aecf,Is there a comprehensive dataset available for summarizing broad-spectrum conversational dialogues?,2025-05-22T21:58:14
rerank_search_fcc573833995431190b6f834627af750_4249438175830232499,search_fcc573833995431190b6f834627af750,"Could you provide me with a reference that discusses the development of classifiers for suicide risk detection in a low-resource language, with a specific focus on using explicit suicide-related terminology?",2025-05-22T21:56:59
rerank_search_fe94671fbe3146cb8213ca01b35255c2_2952913103079019582,search_fe94671fbe3146cb8213ca01b35255c2,Is there research examining if multilingual pre-trained models utilize identical sets of neural units to encode morphosyntactic features in various languages?,2025-05-22T21:58:16
rerank_search_ff3dc2bc423444deab94886152e48d81_-5386446527199699422,search_ff3dc2bc423444deab94886152e48d81,Could you point me to research that tackles the issue of disambiguating word senses in infrequent and zero-shot scenarios?,2025-05-22T21:57:23
