id,issn_l,issn,display_name,publisher,works_count,cited_by_count,is_oa,is_in_doaj,homepage_url,works_api_url,updated_date
186893535,0002-9475,"[""1086-3168"", ""0002-9475""]",American Journal of Philology,Johns Hopkins University Press,8268,38975,False,False,journals/american_journal_of_philology/index.html,186893535,2024-02-23T07:59:41.392170
2764633851,0065-2849,"[""0065-2849""]",Advances in lipid research,Elsevier BV,380,14537,False,False,,2764633851,2024-02-23T16:21:08.625951
4210229599,0065-9711,"[""0065-9711"", ""2325-9213""]",Transactions and proceedings of the American Philological Association,Johns Hopkins University Press,1502,10335,False,False,journals/00659711.html,4210229599,2024-02-23T07:42:43.549199
2764961556,,,National Center for Education Statistics,,880,10190,False,False,https://nces.ed.gov,2764961556,2024-02-23T09:31:47.987595
4306465910,,,Atlas eBooks,Atlas,152,9262,False,False,,4306465910,2024-02-23T01:07:46.808404
4306488690,,,Macmillan Education UK-London eBooks,Macmillan Education UK-London,49,9257,False,False,,4306488690,2024-02-23T03:12:05.912457
2764881039,0737-5328,"[""0737-5328""]",Teacher Education Quarterly,,1105,8943,False,False,,2764881039,2024-02-23T08:41:32.205229
4210182089,1940-641X,"[""1940-641X"", ""2329-1176""]",The Classical weekly,Classical Association of the Atlantic States,5617,7725,False,False,journals/1940641X.html,4210182089,2024-02-23T06:04:02.059780
2764381488,0003-4827,"[""2473-9006"", ""0003-4827""]",The Annals of Iowa,University of Iowa,10874,7686,True,False,,2764381488,2024-02-23T11:03:07.866419
4210173592,0033-2151,"[""0033-2151"", ""2299-002X""]",Przegląd Geologiczny,Polish Geological Institute - National Research Institute (PGI-NRI),8419,7681,True,False,oferta-inst/wydawnictwa/czasopisma/przeglad-geologiczny.html,4210173592,2024-02-23T05:30:05.159069
2765019749,,,The Journal of Reading,International Literacy Association,2249,7404,False,False,,2765019749,2024-02-23T05:11:29.331433
4210233686,0034-9429,"[""2340-3632"", ""0034-9429""]",Revista española de la opinión pública,Instituto de la Opinión Pública,1960,7404,False,False,action/showPublication?journalCode=revespdelaoppub&,4210233686,2024-02-23T10:03:08.858604
4210218705,1664-5561,"[""1664-5561""]",Medical epigenetics,S. Karger AG,26,7388,True,False,http://www.karger.com?issn=1664-5561,4210218705,2024-02-23T07:31:58.767943
187383566,1355-8250,"[""2051-2201"", ""1355-8250""]",Journal of Consciousness Studies,Routledge,1212,7336,False,False,jcs.html,187383566,2024-02-23T10:51:55.100268
8441994,0310-7841,"[""0310-7841"", ""1446-5655""]",Australian Journal of Plant Physiology,CSIRO Publishing,589,7106,True,False,nid/103/aid/85.htm,8441994,2024-02-23T07:42:22.681337
2764580912,1556-3847,"[""1556-3847""]",Online Journal of Distance Learning Administration,,641,6987,False,False,web/7425,2764580912,2024-02-23T10:10:07.354418
2764649054,0042-7500,"[""0042-7500""]",Vitis: Journal of Grapevine Research,Julius Kühn-Institut,1862,6956,False,False,,2764649054,2024-02-23T05:00:59.470233
4306470823,,,Fondo de Cultura Económica eBooks,Fondo de Cultura Económica,814,6912,False,False,,4306470823,2024-02-23T02:06:10.239726
4210192794,0104-5687,"[""1679-3919"", ""1809-399X"", ""0104-5687""]",Pró-fono,SciELO,322,6567,True,False,,4210192794,2024-02-23T14:52:26.390381
4306518851,,,Logistyka,,10936,6464,False,False,,4306518851,2024-02-23T06:19:52.473287
2764764382,0094-1956,"[""0094-1956""]",Journal of Instructional Psychology,,650,6320,False,False,,2764764382,2024-02-23T05:48:45.380210
4306477686,,,Penguin eBooks,Penguin,1752,6312,False,False,,4306477686,2024-02-23T03:51:18.118131
2737512657,1034-7674,"[""1034-7674"", ""1839-4345"", ""1444-8262""]",NSW Public Health Bulletin,Sax Institute,1813,6258,True,True,http://www.phrp.com.au,2737512657,2024-02-23T07:33:57.337740
4306463288,,,Food and Agriculture Organization of the United Nations eBooks,Food and Agriculture Organization of the United Nations,727,6234,False,False,,4306463288,2024-02-23T01:51:13.694848
4306496402,,,대한정형외과학회지,,6296,6131,False,False,,4306496402,2024-02-23T02:01:48.311964
4210234035,0080-2042,"[""0080-2042""]","Ergebnisse der Physiologie, biologischen Chemie und experimentellen Pharmakologie",Springer Science+Business Media,178,5855,False,False,series/112,4210234035,2024-02-23T05:56:08.797145
112731537,0734-4392,"[""0734-4392"", ""1945-2349""]",American Music,University of Illinois Press,2016,5844,False,False,,112731537,2024-02-23T08:38:41.688154
2764900296,0959-5295,"[""0959-5295"", ""2397-2564""]",The Journal of the Anthropological Institute of Great Britain and Ireland,Royal Anthropological Institute of Great Britain and Ireland,1544,5698,False,False,journal/janthinstgreabri,2764900296,2024-02-23T08:32:02.010486
34504840,0386-6157,"[""0386-6157"", ""1883-7239""]","Journal of The Society of Powder Technology, Japan","The Society of Powder Technology, Japan",4071,5629,False,False,,34504840,2024-02-23T08:53:10.870857
4306520995,,,North East Linguistics Society,,676,5439,False,False,,4306520995,2024-02-23T00:18:17.700037
4306524284,,,Proceedings of the New Zealand Society of Animal Production,New Zealand Society of Animal Production,3354,5129,False,False,,4306524284,2024-02-23T02:09:10.791104
4306482415,,,Verso eBooks,Verso,221,5117,False,False,,4306482415,2024-02-23T03:07:24.779978
4210234603,0536-1079,"[""1943-2976"", ""0536-1079""]",I & EC product research and development,American Chemical Society,479,4867,False,False,,4210234603,2024-02-23T09:10:34.691840
139349145,1366-8781,"[""1366-8781"", ""1468-4004""]",Astronomy & Geophysics,Oxford University Press,5441,4836,False,False,http://astrogeo.oxfordjournals.org/,139349145,2024-02-23T05:02:22.364015
4210211768,0253-7494,"[""0253-7494""]",World Bank technical paper,,231,4786,False,False,,4210211768,2024-02-23T10:56:41.663593
74377273,0312-9764,"[""0312-9764"", ""2200-4025""]",Telopea,National Herbarium of NSW,859,4681,True,False,,74377273,2024-02-23T05:08:55.800901
4306524007,,,Proceedings of the Biological Society of Washington.,,2852,4652,False,False,,4306524007,2024-02-23T00:44:27.594708
28836401,0036-5505,"[""0036-5505"", ""1940-2228""]",Scandinavian Journal of Rehabilitation Medicine,Foundation for Rehabilitation Information,134,4639,False,False,,28836401,2024-02-23T12:24:09.694332
4306464348,,,Zed Books,Zed Books,2725,4639,False,False,http://www.zedbooks.net,4306464348,2024-02-23T03:24:05.150560
21947851,,,Annales De L Institut Henri Poincare-physique Theorique,Publications de l´Institut Henri Poincaré,1184,4632,False,False,,21947851,2024-02-23T11:27:11.426663
4210228447,9999-1233,"[""9999-1233""]",Weekly releases (1997–2007),European Centre for Disease Control and Prevention (ECDC),2205,4514,False,False,,4210228447,2024-02-23T23:42:32.113653
2764797711,0276-928X,"[""0276-928X""]",Journal of Staff Development,,1133,4482,False,False,,2764797711,2024-02-23T07:51:53.837517
79704879,0024-2527,"[""0024-2527"", ""2159-9610""]",Library Resources & Technical Services,American Library Association,1829,4426,False,False,,79704879,2024-02-23T08:33:34.317019
4306504014,,,Bank i Kredyt,,1437,4382,False,False,,4306504014,2024-02-23T02:56:19.722224
4306507326,,,Cuadernos de pedagogía,,6650,4376,False,False,,4306507326,2024-02-23T02:55:20.511085
60034445,0004-3648,"[""0004-3648"", ""2296-4215""]",Artibus Asiae,Artibus Asiae Publishers,2179,4351,False,False,http://www.artibusasiae.com/,60034445,2024-02-23T10:20:59.207418
2764377789,1521-3374,"[""1521-3374""]",Education Statistics Quarterly,,205,4296,False,False,,2764377789,2024-02-23T12:13:35.236044
4210178584,0031-9430,"[""0031-9430"", ""2377-7583""]",Phytologia,Smithsonian Institution Biodiversity Heritage Library,1591,4277,True,False,https://www.phytologia.org,4210178584,2024-02-23T09:19:34.224651
75244570,0012-9402,"[""0012-9402"", ""1420-9128""]",Eclogae Geologicae Helvetiae,Swiss Geological Society,327,4274,False,False,content/1420-9128,75244570,2024-02-23T08:35:12.893887
4306464306,,,Williams & Wilkins Co eBooks,Williams & Wilkins Co,360,4256,False,False,,4306464306,2024-02-23T03:05:03.021640
14824431,0885-7024,"[""2381-0688"", ""0885-7024""]",Civil Engineering,American Society of Civil Engineers,11105,4237,False,False,,14824431,2024-02-23T11:10:52.243885
4210190833,0010-2628,"[""0010-2628"", ""1213-7243""]",Commentationes Mathematicae Universitatis Carolinae,"Charles University in Prague, Karolinum Press",2497,4218,False,False,http://cmuc.karlin.mff.cuni.cz,4210190833,2024-02-23T05:17:18.950317
167045310,0022-4154,"[""0022-4154""]",Journal of Rehabilitation,University of Social Welfare and Rehabilitation Sciences,945,4192,False,False,,167045310,2024-02-23T10:08:38.397915
134948390,0024-0672,"[""0024-0672""]",Zoologische Mededelingen,Naturalis Biodiversity Center,1892,4189,False,False,http://www.zoologischemededelingen.nl/,134948390,2024-02-23T05:21:33.958670
179234039,0361-2759,"[""0361-2759"", ""1930-8280""]",History: Reviews of New Books,Taylor & Francis,10202,4174,False,False,vhis20,179234039,2024-02-23T06:11:52.003728
2764944799,0264-2425,"[""0264-2425""]",Reading in a foreign language,,339,4131,False,False,web/6047,2764944799,2024-02-23T10:39:56.125106
4306463770,,,Praeger eBooks,Praeger,1268,4108,False,False,,4306463770,2024-02-23T19:31:36.378003
4210215105,1231-7853,"[""1231-7853""]",Marketing i Rynek,Polskie Wydawnictwo Ekonomiczne,3491,4088,False,False,http://www.pwe.com.pl,4210215105,2024-02-23T08:49:22.486809
201711328,0258-7696,"[""0258-7696"", ""1726-1368""]",Transformation: Critical Perspectives on Southern Africa,,892,4040,False,False,http://www.transformation.und.ac.za,201711328,2024-02-23T04:09:19.822267
2765006665,,,The School Administrator,American Association of School Administrators,1709,3978,False,False,,2765006665,2024-02-23T12:14:02.933090
4306470294,,,Espasa-Calpe eBooks,Espasa-Calpe,1380,3961,False,False,,4306470294,2024-02-23T01:08:05.691277
4306473931,,,Jossey-Bass Publishers eBooks,Jossey-Bass Publishers,166,3938,False,False,,4306473931,2024-02-23T00:29:44.684002
4306482941,,,Wissenschaftliche Buchgesellschaft eBooks,Wissenschaftliche Buchgesellschaft,1831,3930,False,False,,4306482941,2024-02-23T01:16:07.216866
4306465107,,,Alianza eBooks,Alianza,385,3910,False,False,,4306465107,2024-02-23T02:17:16.357050
2765044994,,,Journal of Agricultural Research,Directorate of Agricultural Information,2144,3888,False,False,,2765044994,2024-02-23T05:38:46.173298
4210224710,1967-7375,"[""2554-8689"", ""1967-7375""]",Books,CAIRN,4475,3867,False,False,https://www.books.fr,4210224710,2024-02-23T12:43:17.322091
4306471687,,,Gredos eBooks,Gredos,342,3859,False,False,,4306471687,2024-02-23T01:05:43.321388
4306463059,,,Consulting Psychologists Press eBooks,Consulting Psychologists Press,28,3849,False,False,,4306463059,2024-02-23T01:58:16.397566
2764564467,1068-5502,"[""1068-5502"", ""2327-8285""]",Western Journal of Agricultural Economics,,507,3842,True,True,http://www.jareonline.org,2764564467,2024-02-23T06:07:23.058775
2764422564,0192-592X,"[""0192-592X""]",T.H.E. Journal,1105 Media,1444,3837,False,False,,2764422564,2024-02-23T07:43:38.446323
4210182543,0028-6621,"[""0028-6621"", ""2153-909X""]",The New scholasticism,Philosophy Documentation Center,3785,3825,False,False,newscholas,4210182543,2024-02-23T12:28:12.483683
4306521176,0251-3552,"[""0251-3552""]",Nueva sociedad,,2802,3695,False,False,,4306521176,2024-02-23T00:55:05.642058
25983388,1943-8141,"[""1943-8141""]",American Journal of Translational Research,e-Century Publishing Corporation,1308,3685,False,False,http://www.ajtr.org/,25983388,2024-02-23T12:30:20.296107
4306470974,,,"Free Press , Collier Macmillan eBooks","Free Press , Collier Macmillan",69,3669,False,False,,4306470974,2024-02-23T01:47:51.910898
4306471870,,,Hachette eBooks,Hachette,2608,3656,False,False,,4306471870,2024-02-23T00:56:12.109691
4210177666,0001-026X,"[""0001-026X"", ""2326-9014""]",AAUP bulletin,JSTOR,1453,3610,False,False,books?id=trY_AQAAIAAJ,4210177666,2024-02-23T04:57:55.610828
4306463166,,,Éditions de Minuit eBooks,Les Éditions de Minuit,247,3550,False,False,,4306463166,2024-02-23T00:55:10.043608
14445259,1043-1578,"[""1043-1578"", ""2327-641X""]",Social Justice,Social Justice,973,3526,False,False,http://www.socialjusticejournal.org/,14445259,2024-02-23T04:34:36.307078
2764647102,,,Mathematica Policy Research Reports,,3402,3522,False,False,,2764647102,2024-02-23T12:20:57.380355
4306522964,,,Prace Naukowe / Akademia Ekonomiczna w Katowicach,,6164,3515,False,False,,4306522964,2024-02-23T02:13:26.164902
2738082917,1059-308X,"[""1059-308X""]",School Community Journal,Academic Development Institute,499,3503,True,True,SCJ.aspx,2738082917,2024-02-23T06:03:02.686854
2764343864,0003-1003,"[""0003-1003"", ""2326-9618""]",American Secondary Education,,348,3497,False,False,books?id=HxorAAAAMAAJ,2764343864,2024-02-23T04:15:03.808027
62427620,1063-6552,"[""1063-6552"", ""1558-1861""]",IEEE Parallel & Distributed Technology: Systems & Applications,Institute of Electrical and Electronics Engineers,169,3483,False,False,books?id=jEpVAAAAMAAJ,62427620,2024-02-23T12:09:17.902694
4306462860,,,Ashgate eBooks,Ashgate,2304,3478,False,False,,4306462860,2024-02-23T02:14:07.671543
955795595,,,Zywnosc-nauka Technologia Jakosc,Polish Society of Food Technologists,1427,3473,False,False,,955795595,2024-02-23T08:40:09.741315
1013561213,0016-5301,"[""0016-5301"", ""0717-6643""]",Gayana Botanica,,681,3462,True,True,https://gayanabotanica.cl/,1013561213,2024-02-23T04:33:15.129284
4210186704,2192-4848,"[""2365-9890"", ""2192-4848""]",Forschungsjournal soziale Bewegungen,De Gruyter,2190,3440,False,False,http://forschungsjournal.de,4210186704,2024-02-23T03:56:19.612551
4306520033,,,MIT Press Books,,283,3432,False,False,,4306520033,2024-02-23T00:55:14.489765
75294269,0099-5444,"[""0099-5444"", ""2220-5608"", ""2220-5616""]",Nematropica,Organization of Nematologists of Tropical America,1171,3422,False,False,nematode,75294269,2024-02-23T06:35:51.159841
4306496171,,,한국자동차공학회 춘 추계 학술대회 논문집,,6176,3412,False,False,,4306496171,2024-02-23T04:09:50.624758
2765048991,,,World Bank Publications,,1023,3387,False,False,,2765048991,2024-02-23T05:38:15.367531
4210192536,1088-3142,"[""1088-3142"", ""1946-4444""]",SAIS review,Johns Hopkins University Press,1159,3379,False,False,http://www.saisreview.org,4210192536,2024-02-23T04:41:44.219116
59599649,0024-2306,"[""0024-2306"", ""1745-8161""]",Library History,Maney Publishing,580,3358,False,False,content/maney/lbh?,59599649,2024-02-23T07:42:04.560407
4306503796,,,Australas. J Comb.,,1679,3349,False,False,,4306503796,2024-02-23T01:05:00.222540
2764752694,1995-0748,"[""1995-0748"", ""1998-1074""]",American-Eurasian Journal of Sustainable Agriculture,American-Eurasian Network for Scientific Information (AENSI),610,3331,True,False,aejsa.html,2764752694,2024-02-23T12:48:07.098648
4306512479,,,Human Resource Planning,,173,3307,False,False,,4306512479,2024-02-23T03:18:27.855635
106374951,2090-0171,"[""2090-0171"", ""2090-0163""]",Cardiovascular Psychiatry and Neurology,Hindawi Publishing Corporation,106,3284,True,False,journals/cpn,106374951,2024-02-23T04:20:02.445274
4210174426,1478-7814,"[""1478-7814"", ""1747-3845""]",Proceedings of the Physical Society of London,IOP Publishing,1566,3270,False,False,1478-7814,4210174426,2024-02-23T04:41:06.451563
178736797,0028-1484,"[""0028-1484""]",Naval War College Review,Naval War College,3770,3255,False,False,Publications/Naval-War-College-Review.aspx,178736797,2024-02-23T06:47:44.717135
4306465592,,,Ariel eBooks,Ariel,269,3251,False,False,,4306465592,2024-02-23T02:33:53.650439
4306508851,,,Education Digest: Essential Readings Condensed for Quick Review,,1073,3245,False,False,,4306508851,2024-02-23T00:28:29.168285
2764740311,0034-0510,"[""0034-0510""]",Reading Improvement,Project Innovation of Mobile,1453,3237,False,False,,2764740311,2024-02-23T09:01:05.508409
42018803,0009-8078,"[""0009-8078"", ""1533-6271""]",Civil War History,Kent State University Press,5135,3231,False,False,journals/cwh,42018803,2024-02-23T04:39:09.266919
152325859,0006-8063,"[""0006-8063"", ""2070-4860""]",Botanical Bulletin of Academia Sinica,,549,3221,False,False,bbas,152325859,2024-02-23T10:23:47.836567
4306463021,,,Charles C Thomas Publisher eBooks,Charles C Thomas Publisher,434,3219,False,False,,4306463021,2024-02-23T01:13:33.189526
194663980,0010-8847,"[""0010-8847""]",Cornell Law Review,Cornell University,2404,3212,False,False,research/cornell-law-review/,194663980,2024-02-23T13:02:54.300335
4306514330,,,Inżynieria i Budownictwo,,2811,3191,False,False,,4306514330,2024-02-23T03:26:10.431984
2764344921,0025-6307,"[""0025-6307""]",Measurement and Evaluation in Guidance,,657,3186,False,False,,2764344921,2024-02-23T04:55:02.746953
2765038642,2010-3778,"[""2010-3778"", ""2010-376X""]","World Academy of Science, Engineering and Technology, International Journal of Social, Behavioral, Educational, Economic, Business and Industrial Engineering","World Academy of Science, Engineering and Technology",2438,3184,False,False,,2765038642,2024-02-23T06:11:23.187360
18848838,0041-3216,"[""0041-3216""]",Tropical Agriculture,University of the West Indies Press,2378,3182,False,False,,18848838,2024-02-23T09:21:51.638542
4210180357,0025-6307,"[""0025-6307""]",Measurement and evaluation in guidance,Taylor & Francis,638,3180,False,False,toc/uecd19/9/3?nav=tocList,4210180357,2024-02-23T08:50:46.515346
4306463577,,,Macmillan and Co eBooks,Macmillan and Co,545,3156,False,False,,4306463577,2024-02-23T00:39:04.216301
173948692,0364-0094,"[""0364-0094"", ""1475-4541""]",Ajs Review-the Journal of The Association for Jewish Studies,Cambridge University Press,2839,3143,False,False,,173948692,2024-02-23T11:26:33.529899
2898589984,0370-4475,"[""2212-1110"", ""0370-4475""]",Revue d'Electroencéphalographie et de Neurophysiologie Clinique,Elsevier BV,1258,3141,False,False,journal/revue-delectroencephalographie-et-de-neurophysiologie-clinique,2898589984,2024-02-23T10:54:16.129655
4210168266,0737-8211,"[""0737-8211"", ""2328-2398""]",Systematic botany monographs,JSTOR,80,3139,False,False,journals/07378211.html,4210168266,2024-02-23T05:51:18.390161
4306523176,,,Principal,,1324,3118,False,False,,4306523176,2024-02-23T19:54:27.072082
4210168934,1434-3452,"[""1434-3452""]",Topics in English linguistics,De Gruyter Mouton,380,3114,False,False,,4210168934,2024-02-23T10:47:15.750702
4210173695,0890-1686,"[""0890-1686"", ""2327-9672""]",The Michigan historical review,Project MUSE,2176,3112,False,False,,4210173695,2024-02-23T09:21:58.164871
4306511226,,,Generations,,1342,3110,False,False,journal/genethejamersoci,4306511226,2024-02-23T03:12:10.910256
48392412,1425-5960,"[""1425-5960""]",Rynek Energii,Kaprint,1569,3106,False,False,re/content/czasopismo,48392412,2024-02-23T04:44:22.849157
180332110,1555-5879,"[""2194-6000"", ""1555-5879""]",Review of Law & Economics,De Gruyter,479,3064,False,False,,180332110,2024-02-23T07:51:25.953426
4306463693,,,Oldenbourg eBooks,Oldenbourg,2220,3045,False,False,,4306463693,2024-02-23T00:54:13.123627
4210204192,0308-4590,"[""0308-4590"", ""2058-0991""]",International metals reviews,Taylor & Francis,180,3044,False,False,toc/yimr19/current,4210204192,2024-02-23T10:27:23.545888
182401666,1811-9743,"[""1811-9743"", ""1811-9751""]",International Journal of Dairy Science,Science Alert,375,3038,True,False,ijds,182401666,2024-02-23T07:15:51.635203
2739148201,0313-7155,"[""0313-7155""]",Issues in Educational Research,Australian Institutes for Educational Research,636,3036,False,False,,2739148201,2024-02-23T07:19:46.688707
4210182864,0033-250X,"[""0033-250X"", ""2449-996X""]",Przemysł Spożywczy,"Wydawnictwo SIGMA-NOT, sp. z.o.o.",3887,3032,False,False,czasopisma-65-przemysl-spozywczy-i-gastronomia-przemysl-spozywczy.html,4210182864,2024-02-23T09:13:13.476511
4306474870,,,L. Erlbaum Associates eBooks,L. Erlbaum Associates,148,3021,False,False,,4306474870,2024-02-23T17:48:07.339642
2765020624,,,The Electronic Journal of Business Research Methods,,176,3004,False,False,,2765020624,2024-02-23T05:01:49.537685
4306482583,,,Wadsworth Pub. Co. eBooks,Wadsworth Pub. Co.,180,3000,False,False,,4306482583,2024-02-23T03:33:34.809555
4306501679,,,Anais,,15435,2991,False,False,,4306501679,2024-02-23T03:53:30.403046
2764653491,,,Ethnobotanical Leaflets,,593,2978,False,False,,2764653491,2024-02-23T10:32:22.099437
4306520261,0027-142X,"[""0027-142X""]",Mosquito News,,1834,2975,False,False,,4306520261,2024-02-23T00:22:35.770810
4210207221,1466-9404,"[""1466-9404"", ""2517-6145""]",The incorporated statistician,JSTOR,215,2966,False,False,journal/incostat,4210207221,2024-02-23T05:00:54.277648
2764547617,1577-7057,"[""1577-7057""]",International journal of psychology and psychological therapy,University of Almería,551,2953,False,False,,2764547617,2024-02-23T11:19:06.426687
92130131,0001-6829,"[""0001-6829"", ""2450-8462""]",Acta Poloniae Historica,Polska Akademia Nauk,4569,2934,True,False,index.php/pl,92130131,2024-02-23T08:54:42.200335
2764355406,1818-6769,"[""1818-6769"", ""1818-6777"", ""1990-4053""]",American-Eurasian Journal of Agricultural and Environmental Science,,755,2929,False,False,aejaes/aejaes.htm,2764355406,2024-02-23T11:48:12.657606
4210178669,1045-5110,"[""1045-5110""]",Atomization and Sprays,Begell House,209,2914,False,False,,4210178669,2024-02-23T09:04:14.094124
179237239,0266-6235,"[""0266-6235""]",Journal of the Royal Geographical Society of London,Royal Geographical Society,1048,2908,False,False,action/showPublication?journalCode=jroyageogsocilon,179237239,2024-02-23T15:02:26.193731
976474146,0032-3233,"[""2336-8225"", ""0032-3233""]",Politicka Ekonomie,Prague University of Economics and Business,2448,2866,True,False,,976474146,2024-02-23T10:27:42.189804
2764840307,0024-1822,"[""0024-1822""]",Liberal Education,Indiana University Press,1307,2862,False,False,,2764840307,2024-02-23T08:33:54.386484
4210191321,1011-0798,"[""1011-0798""]",Zeitschrift für Sozialforschung,Philosophy Documentation Center,1450,2861,False,False,,4210191321,2024-02-23T11:00:04.674865
73505065,0360-2370,"[""0360-2370"", ""1938-6133""]",Studies in Eighteenth Century Culture,Johns Hopkins University Press,1183,2860,False,False,,73505065,2024-02-23T07:16:54.736985
120000808,0042-2533,"[""0042-2533""]",Vanderbilt Law Review,Cambridge University Press,2652,2853,False,False,http://www.vanderbiltlawreview.org,120000808,2024-02-23T08:23:07.933970
139685423,1931-7883,"[""1931-7891"", ""1931-7883""]",Foundations and Trends in Databases,Now Publishers,36,2833,False,False,dbs,139685423,2024-02-23T08:52:28.150932
189519060,1757-5931,"[""1757-5931""]",1000,Faculty Opinions Ltd,246,2829,True,False,reports,189519060,2024-02-23T08:29:13.115626
2764660481,0713-3235,"[""0713-3235""]",Canadian Woman Studies,Inanna Publications and Education Inc.,4191,2813,False,False,,2764660481,2024-02-23T11:50:00.591814
105317937,1079-3917,"[""1079-3917""]",Education and Training in Mental Retardation and Developmental Disabilities,,303,2809,False,False,,105317937,2024-02-23T08:35:37.152459
2765054229,0003-0953,"[""0003-0953""]",The American school board journal,National School Boards Association,2792,2784,False,False,,2765054229,2024-02-23T08:23:39.516253
4306524771,,,Przegląd Górniczy,,2508,2777,False,False,,4306524771,2024-02-23T02:17:52.802619
2764749937,0771-100X,"[""0771-100X""]",International Group for the Psychology of Mathematics Education,Utrecht University,1347,2771,False,False,,2764749937,2024-02-23T05:26:40.156722
165167377,1547-0350,"[""1547-0350""]",Education and Training in Developmental Disabilities,,262,2769,False,False,,165167377,2024-02-23T09:12:44.560586
152351146,0034-8635,"[""0034-8635""]",Revista De Occidente,Fundación José Ortega y Gasset,6476,2760,False,False,publicaciones/revistadeoccidente,152351146,2024-02-23T10:55:31.909300
2764745110,1991-8178,"[""1991-8178"", ""2309-8414""]",Australian journal of basic and applied sciences,International Network for Scientific Information Publication,1321,2755,True,False,http://www.ajbasweb.com,2764745110,2024-02-23T11:58:56.420994
4306507771,0975-5071,"[""0975-5071""]",Der Pharmacia Lettre,,3075,2735,False,False,der-pharmacia-lettre,4306507771,2024-02-23T00:17:21.737224
4210168012,1793-0774,"[""1793-0774""]",World Scientific series in robotics and intelligent systems,World Scientific,416,2711,False,False,,4210168012,2024-02-23T11:34:14.340875
4210202480,2449-9862,"[""0137-8651"", ""2449-9862""]",Problemy Jakości,,2411,2703,False,False,http://www.problemyjakosci.com.pl,4210202480,2024-02-23T07:43:02.760603
15476261,1479-0556,"[""1479-0556""]",Genetic Vaccines and Therapy,BioMed Central,106,2696,False,False,journal/12965,15476261,2024-02-23T09:11:23.889423
4210231335,0147-829X,"[""0147-829X"", ""2326-1501""]",Social psychology,JSTOR,41,2687,False,False,,4210231335,2024-02-23T06:50:50.082603
153957239,1463-631X,"[""1463-631X"", ""1470-6725""]","Education, Communication & Information",Taylor & Francis,112,2669,False,False,toc/reci20/current,153957239,2024-02-23T08:44:26.226940
185386126,1088-9388,"[""1088-9388"", ""2377-7893""]",Post-soviet Geography and Economics,,187,2646,False,False,loi/rege20,185386126,2024-02-23T10:23:20.721181
4210223984,1088-9388,"[""1088-9388"", ""2377-7893""]",Post-Soviet geography and economics,Taylor & Francis,186,2646,False,False,toc/rege19/current,4210223984,2024-02-23T10:26:33.619042
4210225601,0302-2439,"[""0302-2439"", ""2316-9052""]",Boletim de Botânica,"Universidade de Sao Paulo, Agencia USP de Gestao da Informacao Academica (AGUIA)",476,2646,True,False,bolbot,4210225601,2024-02-23T11:03:04.297549
4306515997,,,Journal of Public Administration,,924,2625,False,False,,4306515997,2024-02-23T03:17:44.434952
4306479686,,,Siglo Veintiuno Editores eBooks,Siglo Veintiuno Editores,286,2614,False,False,,4306479686,2024-02-23T03:07:20.986856
4306516378,,,Journal of Tourism Studies,,311,2607,False,False,rb/?c=5/13,4306516378,2024-02-23T00:19:51.513799
4210179875,0738-1433,"[""1949-0410"", ""0738-1433""]",The Women's review of books,"Old City Publishing, Inc.",4565,2602,False,False,content/view/570/86,4210179875,2024-02-23T12:04:30.472398
4210205350,1861-4191,"[""1861-4191""]",Phonology and phonetics,Cambridge University Press,169,2602,False,False,,4210205350,2024-02-23T05:01:02.548265
2764555313,1083-4346,"[""1083-4346""]",International journal of business,Premier Publishing,1022,2573,False,False,,2764555313,2024-02-23T09:41:51.300468
2764422806,1539-8706,"[""1539-8706""]",Journal of international women's studies,Bridgewater State University,1614,2567,False,False,jiws/,2764422806,2024-02-23T06:49:20.446226
4210213319,0096-2015,"[""2374-9814"", ""0096-2015""]",IRE transactions on nuclear science,Institute of Electrical and Electronics Engineers,553,2561,False,False,,4210213319,2024-02-23T09:46:42.562500
4306535024,,,www.ipea.gov.br,,1080,2548,False,False,,4306535024,2024-02-23T01:46:19.947931
2764863161,1096-1453,"[""1096-1453""]",Academic exchange quarterly,Rapid Intellect Group,2187,2544,False,False,,2764863161,2024-02-23T06:43:06.792389
2764652438,,,Journal of correctional education,,590,2543,False,False,,2764652438,2024-02-23T07:25:27.817018
101668441,0347-9994,"[""0347-9994""]",Swedish Dental Journal,,23,2535,False,False,,101668441,2024-02-23T08:03:30.812841
4306471281,,,Gedisa eBooks,Gedisa,74,2518,False,False,,4306471281,2024-02-23T01:51:54.267948
4306481211,,,UMI Dissertation Information Service eBooks,UMI Dissertation Information Service,3625,2518,False,False,,4306481211,2024-02-23T03:11:46.915210
2764894508,,,Journal of Inequalities in Pure & Applied Mathematics,,433,2513,False,False,,2764894508,2024-02-23T03:54:09.681002
1028545993,1506-218X,"[""1506-218X""]",Rocznik Ochrona Srodowiska,Koszalin University of Technology,1188,2510,False,False,,1028545993,2024-02-23T09:18:58.297114
27925394,0026-3788,"[""0026-3788""]",Milchwissenschaft-milk Science International,Agrar-Verlag Allgäu,1473,2510,True,True,milkscience,27925394,2024-02-23T06:45:14.655899
2764425017,0043-0439,"[""0043-0439"", ""2573-2110""]",Journal of the Washington Academy of Sciences,Washington Academy of Sciences,1032,2502,False,False,publication/1126336,2764425017,2024-02-23T12:05:28.236823
4306526828,,,"Revista de investigación educativa, RIE",,686,2502,False,False,,4306526828,2024-02-23T00:49:48.117332
2764584009,,,Bulletin of the British Museum of Natural History,,373,2499,False,False,,2764584009,2024-02-23T06:21:33.312292
4306472139,,,Heinemann eBooks,Heinemann,657,2497,False,False,,4306472139,2024-02-23T03:31:28.417089
4317411217,,,Deleted Journal,,9076,2495,False,False,,4317411217,2024-02-23T04:11:04.980812
4210190653,0105-0710,"[""0105-0710"", ""2246-042X""]",Politica,Aarhus University Library,3160,2484,True,False,http://politica.dk,4210190653,2024-02-23T05:40:12.695256
2764673317,0710-1481,"[""0710-1481""]",Canadian Journal of Native Education,,296,2480,False,False,,2764673317,2024-02-23T11:21:26.710168
4306496265,,,한국자동차공학회 추계학술대회 및 전시회,,3907,2479,False,False,,4306496265,2024-02-23T00:23:38.064290
61255767,1560-4284,"[""1560-4284""]",International Journal of Experimental Diabetes Research,Taylor & Francis,96,2476,True,False,,61255767,2024-02-23T10:18:07.793756
2764731437,0976-1233,"[""0976-1233""]",Annals of Biological Research,Scholars Research Library,1848,2469,False,False,abr,2764731437,2024-02-23T12:07:29.915573
4210217368,1528-7084,"[""1528-7084"", ""1533-4449""]",Brookings-Wharton papers on urban affairs,,117,2464,False,False,,4210217368,2024-02-23T06:09:28.381191
119533669,1537-209X,"[""1537-209X""]",Journal of Swine Health and Production,,586,2449,False,False,,119533669,2024-02-23T09:28:33.058387
4210211779,1620-5340,"[""1620-5340"", ""2102-5150""]",Travailler,CAIRN,556,2448,False,False,,4210211779,2024-02-23T11:28:06.344180
101185350,0162-7546,"[""1875-2977"", ""0162-7546""]",Reviews of Chemical Intermediates,Brill,119,2447,False,False,view/journals/rsci/rsci-overview.xml,101185350,2024-02-23T12:02:18.661234
4210230597,0309-0671,"[""0309-0671""]",International Law Reports,Cambridge University Press,7752,2442,False,False,core/journals/international-law-reports,4210230597,2024-02-23T04:50:52.820825
4306465565,,,Arco Libros eBooks,Arco Libros,321,2431,False,False,,4306465565,2024-02-23T02:04:07.998383
94841437,0121-1617,"[""1900-6152"", ""0121-1617""]",Historia Critica,Universidad de Los Andes,1592,2421,True,True,journal/histcrit,94841437,2024-02-23T08:43:55.246486
2764944482,0023-4346,"[""1588-113X"", ""0023-4346""]",Kozgazdasagi Szemle,Economic Review Foundation,4262,2415,False,False,,2764944482,2024-02-23T07:57:41.798351
2764663395,1642-686X,"[""1642-686X"", ""2719-423X""]",Journal of Research and Applications in Agricultural Engineering,Łukasiewicz Research Network - Industrial Institute of Agricultural Machinery,2194,2412,False,False,,2764663395,2024-02-23T11:17:25.204143
20186226,0285-1601,"[""0285-1601""]",African Study Monographs,Kyoto University,542,2409,False,False,kiroku/contents_e.htm,20186226,2024-02-23T10:17:10.141440
2764382574,,,The Journal of Pan-African Studies,California Institute of Pan African Studies,1181,2408,False,False,http://www.jpanafrican.org,2764382574,2024-02-23T05:39:03.031463
119077090,1475-4878,"[""1475-4878"", ""1747-3853""]",Transactions of The Optical Society,IOP Publishing,529,2398,False,False,1475-4878,119077090,2024-02-23T05:19:36.310907
83938913,0028-6060,"[""0028-6060""]",New Left Review,Routledge,1074,2389,False,False,http://www.newleftreview.org/,83938913,2024-02-23T09:19:38.854863
4210233018,1351-3036,"[""1351-3036"", ""2051-316X""]",Benchmarking for quality management & technology,Emerald Publishing Limited,94,2388,False,False,,4210233018,2024-02-23T10:18:27.532558
31609097,0324-8569,"[""0324-8569""]",Control and Cybernetics,,903,2379,False,False,,31609097,2024-02-23T04:11:56.832290
141199735,2043-9113,"[""2043-9113""]",Journal of Clinical Bioinformatics,BioMed Central,126,2377,False,False,http://www.jclinbioinformatics.com/,141199735,2024-02-23T09:26:47.729884
4210222545,0885-6818,"[""2325-7210"", ""0885-6818""]",Phylon,Clark Atlanta University,1541,2377,False,False,Phylon,4210222545,2024-02-23T08:32:33.754672
2764966318,0817-8542,"[""0817-8542"", ""1836-2206""]",Trends and issues in crime and criminal justice,,443,2369,False,False,en/publications/current%20series/tandi.aspx,2764966318,2024-02-23T11:56:56.667523
4210195004,1065-2701,"[""1065-2701"", ""2169-0146""]",Festival management & event tourism,"Cognizant, LLC",106,2346,False,False,http://www.cognizantcommunication.com,4210195004,2024-02-23T06:08:29.704610
4210171014,0105-3507,"[""0105-3507"", ""2597-2936""]",Bulletin,Geoloical Survey of Denmark and Greenland,229,2340,False,False,,4210171014,2024-02-23T11:47:43.429213
2764847893,1164-5571,"[""1164-5571""]",Fundamental and applied nematology,Brill,470,2338,False,False,science/journal/11645571,2764847893,2024-02-23T08:35:37.040828
2765063755,0976-4534,"[""0976-4534""]",International Journal on Environmental Sciences,National Environmental Science Academy,1104,2332,False,False,,2765063755,2024-02-23T11:53:17.638185
4306480477,,,Taurus eBooks,Taurus,306,2329,False,False,,4306480477,2024-02-23T01:46:50.514979
2765040423,1011-6079,"[""1011-6079""]",Interbull Bulletin,Interbull Centre,1132,2328,False,False,,2765040423,2024-02-23T08:37:37.549429
2764398645,1069-7225,"[""1069-7225"", ""2163-4556""]",Economic Quarterly - Federal Reserve Bank of Richmond,,281,2325,True,False,publications/research/economic_quarterly/index.cfm,2764398645,2024-02-23T11:32:43.142361
2764916931,0265-1491,"[""0265-1491""]",Aspects of applied biology,Springer Nature (Netherlands),2418,2323,False,False,,2764916931,2024-02-23T08:13:42.673056
4306462926,,,Blackwell Publishers eBooks,Blackwell Publishing,203,2322,False,False,,4306462926,2024-02-23T00:17:03.601794
4306504765,,,Boletín de sanidad vegetal. Plagas,,1603,2319,False,False,,4306504765,2024-02-23T03:23:07.221741
2764668226,,,Tree-ring Bulletin,,294,2316,False,False,,2764668226,2024-02-23T12:54:49.006638
80792265,0957-5847,"[""0957-5847"", ""1532-205X""]",Current Obstetrics & Gynaecology,Elsevier BV,1025,2307,False,False,links/toc/cuog,80792265,2024-02-23T15:48:08.357241
4210167866,0047-2239,"[""0047-2239"", ""2325-8748""]",Journal of architectural education of the Association of Collegiate Schools of Architecture,JSTOR,364,2304,False,False,journals/00472239.html,4210167866,2024-02-23T06:39:39.077427
4210217301,2155-9872,"[""2155-9872""]",Journal of analytical & bioanalytical techniques,OMICS Publishing Group,917,2301,False,False,jabthome.php,4210217301,2024-02-23T10:31:47.660656
2764485589,0068-1385,"[""0068-1385"", ""2057-7818""]",Transactions of the British Bryological Society,Taylor & Francis,500,2299,False,False,loi/jbr,2764485589,2024-02-23T10:32:47.697276
4210191136,2052-8426,"[""2052-8426""]",Molecular and cellular therapies,BioMed Central,60,2296,False,False,index.php/MCT/index,4210191136,2024-02-23T03:51:58.613602
4210239963,0364-1686,"[""2326-3075"", ""0364-1686""]",ASA review of books,Cambridge University Press,743,2288,False,False,journals/03641686.html,4210239963,2024-02-23T05:44:14.022632
4306496609,,,제어로봇시스템학회 국내학술대회 논문집,,7407,2286,False,False,,4306496609,2024-02-23T00:39:23.127297
4210180688,0749-9833,"[""1942-8545"", ""0749-9833""]",University of Pennsylvania law review and American law register,JSTOR,3113,2285,False,False,,4210180688,2024-02-23T04:04:15.052061
4306503259,0364-1686,"[""0364-1686"", ""2326-3075""]",ASA Review of Books,Cambridge University Press,570,2283,False,False,journals/03641686.html,4306503259,2024-02-23T00:30:34.021049
2764964090,0025-5513,"[""0025-5513""]",Mathematica japonicae,International Society for Mathematical Sciences,766,2278,False,False,,2764964090,2024-02-23T08:00:05.866350
65409541,1746-0875,"[""1746-0883"", ""1746-0875""]",Future Lipidology,Taylor & Francis,240,2276,False,False,,65409541,2024-02-23T04:27:19.718472
4210168286,1563-0803,"[""1563-0803""]",Pages (Bern),Past Global Changes (PAGES),639,2270,False,False,,4210168286,2024-02-23T04:53:36.641752
4306505620,0008-5006,"[""0008-5006"", ""2375-2475""]",Canadian Slavonic Papers,Taylor & Francis,2244,2266,False,False,action/journalInformation?show=aimsScope&journalCode=rcsp20,4306505620,2024-02-23T00:44:33.619316
4210202990,1861-4175,"[""1861-4175""]","Language, power and social process",De Gruyter Mouton,167,2262,False,False,,4210202990,2024-02-23T07:56:41.841635
2764474016,,,Resource Publication,,92,2254,False,False,,2764474016,2024-02-23T11:47:53.117275
2764722987,2090-3162,"[""2090-3154"", ""2090-3162""]",Genetics research international,Hindawi Publishing Corporation,138,2251,True,False,journals/gri,2764722987,2024-02-23T08:34:07.100821
183428155,0278-9434,"[""0278-9434""]",Transportation Quarterly,,723,2240,False,False,,183428155,2024-02-23T08:10:21.476900
2764693127,0256-1751,"[""0256-1751""]",Bantu Studies,,401,2226,False,False,,2764693127,2024-02-23T12:48:51.017425
2764872482,1539-9664,"[""1539-9664""]",Education Next,Routledge,1068,2214,False,False,,2764872482,2024-02-23T04:47:54.220775
4306470569,,,Falmer Press eBooks,Falmer Press,193,2214,False,False,,4306470569,2024-02-23T03:39:41.632223
4306534899,,,World Bank Other Operational Studies,,1355,2213,False,False,,4306534899,2024-02-23T03:39:43.138448
4306463516,,,Klincksieck eBooks,Klincksieck,737,2212,False,False,,4306463516,2024-02-23T02:03:11.087260
147018782,,,Compendium on Continuing Education for The Practicing Veterinarian,,730,2210,False,False,,147018782,2024-02-23T05:49:03.626972
4210168614,0214-8676,"[""0214-8676"", ""2386-4702""]",Doxa,Publicaciones Universidad de Alicante,1204,2209,True,True,https://doxa.ua.es,4210168614,2024-02-23T11:55:40.577160
4306513217,,,INFLIBNET,,30313,2202,False,False,,4306513217,2024-02-23T04:14:34.640752
71257975,0895-4852,"[""1936-4709"", ""0895-4852""]",Academic Questions,National Association of Scholars,2157,2202,False,False,journal/12129/about,71257975,2024-02-23T11:25:14.863478
2764796285,,,Journal of Educational Multimedia and Hypermedia archive,,141,2197,False,False,,2764796285,2024-02-23T07:17:34.584968
4306464186,,,University of Nebraska Press eBooks,University of Nebraska Press,425,2197,False,False,,4306464186,2024-02-23T03:39:11.570738
2764775394,,,Rangelands Archives,Society for Range Management,1315,2189,False,False,,2764775394,2024-02-23T09:04:51.168657
42309995,,,Agenda,Taylor & Francis,1152,2189,False,False,http://www.agenda.org.za/,42309995,2024-02-23T11:19:17.157486
2764886562,1082-5754,"[""1082-5754""]",Learning and leading with technology,,587,2178,False,False,,2764886562,2024-02-23T07:41:18.727241
189387231,1235-4481,"[""1235-4481"", ""1459-9465""]",Nordic Journal of African Studies,,379,2173,True,True,http://www.njas.helsinki.fi,189387231,2024-02-23T11:00:27.287511
4306477421,,,Paidós eBooks,Paidós,91,2170,False,False,,4306477421,2024-02-23T00:32:39.909551
88241336,1687-7985,"[""1687-7985"", ""1687-7993""]",Advances in Physical Chemistry,Hindawi Publishing Corporation,125,2167,True,False,journals/apc,88241336,2024-02-23T11:40:53.355762
97764784,,,Information Technology and Libraries,American Library Association,727,2165,False,False,ojs/index.php/ital/index,97764784,2024-02-23T06:13:13.634185
2764774554,1521-9747,"[""1521-9747""]",Supply Chain Management Review,,653,2163,False,False,https://www.scmr.com/,2764774554,2024-02-23T06:49:45.423042
4306520717,0391-9749,"[""0391-9749""]",Nematologia Mediterranea,,1376,2160,False,False,,4306520717,2024-02-23T03:06:22.969344
4306527732,1405-6666,"[""1405-6666""]",Revista mexicana de investigación educativa,,1250,2158,False,False,,4306527732,2024-02-23T02:30:55.691712
184238924,0081-0606,"[""0081-0606""]",Socialist Register,Routledge,882,2156,False,False,http://socialistregister.com/,184238924,2024-02-23T05:29:36.194982
4306527046,,,Revista de psicología general y aplicada: Revista de la Federación Española de Asociaciones de Psicología,,2706,2153,False,False,,4306527046,2024-02-23T00:06:29.476001
2764349506,2157-7633,"[""2157-7633""]",Journal of Stem Cell Research & Therapy,OMICS Publishing Group,1078,2144,True,False,jscrthome.php,2764349506,2024-02-23T06:30:09.047795
2764855957,0451-212X,"[""0451-212X""]",The research reports,Kagoshima University,1323,2143,False,False,?action=repository_opensearch&index_id=273,2764855957,2024-02-23T05:39:32.907156
46771824,0741-9457,"[""0741-9457""]",Yale Journal on Regulation,Yale Law School,463,2132,False,False,http://jreg.commons.yale.edu/,46771824,2024-02-23T06:10:24.173707
76832692,0049-4763,"[""0049-4763""]",Tropical Grasslands,,507,2130,False,False,Tropical_Grasslands_Journal_archive/journal_archive.html,76832692,2024-02-23T08:19:54.920428
2764823877,0975-7384,"[""0975-7384""]",Journal of chemical and pharmaceutical research,JOCPR,2018,2127,False,False,http://jocpr.com,2764823877,2024-02-23T10:10:11.151012
2765060474,,,Monetary and and Economic Studies,,317,2127,False,False,,2765060474,2024-02-23T06:01:43.080881
2764403519,,,The Journal of Computer Based Instruction,,307,2123,False,False,,2764403519,2024-02-23T05:09:17.577899
2764360835,1712-8056,"[""1712-8056"", ""1923-6697""]",Canadian Social Science,Canadian Academy of Oriental and Occidental Culture,2603,2117,False,False,index.php/css,2764360835,2024-02-23T07:51:29.800226
136786980,0042-5206,"[""1530-7190"", ""0042-5206""]",Victorian Poetry,West Virginia University Press,926,2111,False,False,journals/vp,136786980,2024-02-23T12:13:43.405027
2764475419,0972-1061,"[""0972-1061""]",Karnataka Journal of Agricultural Sciences,"University of Agricultural Sciences, Dharwad",1211,2110,False,False,,2764475419,2024-02-23T05:56:17.911531
4306501475,0188-7017,"[""0188-7017"", ""2448-850X""]",Alteridades,,1170,2108,True,True,index.php/Alte,4306501475,2024-02-23T03:45:45.489743
4210217042,0258-0330,"[""0258-0330""]",Current studies in hematology and blood transfusion,Karger Publishers,1509,2102,False,False,,4210217042,2024-02-23T06:18:10.118575
96186809,0362-8949,"[""0362-8949"", ""2324-6502""]",Far Eastern Survey,University of California Press,6866,2101,False,False,books?id=BlMrAQAAMAAJ,96186809,2024-02-23T04:32:23.197347
2764445321,1529-8957,"[""1529-8957""]",Principal Leadership,,799,2098,False,False,,2764445321,2024-02-23T12:13:10.567955
4210188669,1473-4869,"[""1473-4869"", ""2051-4220""]",MSOR connections,"Educational Development Unit, University of Greenwich",1055,2097,False,False,?q=node/58,4210188669,2024-02-23T09:07:43.600203
974969521,1230-6169,"[""1230-6169""]",Ochrona Srodowiska,,726,2080,False,False,,974969521,2024-02-23T07:50:27.210165
137403304,1537-6370,"[""1558-5271"", ""1537-6370""]","French Politics, Culture & Society",Berghahn Books,743,2077,False,False,fpcs/,137403304,2024-02-23T04:13:29.318761
4306477627,,,Pearson Prentice Hall eBooks,Pearson Prentice Hall,208,2077,False,False,,4306477627,2024-02-23T03:47:56.944901
2764707925,1077-9124,"[""1077-9124""]",International journal of educational telecommunications,Association for the Advancement of Computing in Education,126,2068,False,False,,2764707925,2024-02-23T09:24:08.332485
2764922509,0034-0502,"[""0034-0502"", ""2642-8857""]",Reading Horizons,Western Michigan University,1494,2066,False,False,reading_horizons,2764922509,2024-02-23T08:31:09.780319
158189712,1135-5948,"[""1135-5948""]",Procesamiento Del Lenguaje Natural,Technical University of Valencia,1666,2065,False,False,http://journal.sepln.org,158189712,2024-02-23T03:56:02.820991
199075998,0003-5696,"[""0003-5696"", ""1613-0421""]",Antike Und Abendland,De Gruyter,884,2062,False,False,journals/antike,199075998,2024-02-23T12:42:21.351603
4306462910,,,Berg eBooks,Berg,472,2060,False,False,,4306462910,2024-02-23T02:13:51.682551
4210177652,2072-3202,"[""2072-3202"", ""2617-6742""]",IMF staff position note,International Monetary Fund,49,2055,False,False,,4210177652,2024-02-23T08:07:22.014713
4210217742,0090-7790,"[""0090-7790"", ""2326-0890""]",The Black perspective in music,JSTOR,495,2055,False,False,journals/00907790.html,4210217742,2024-02-23T09:19:14.666214
2764504601,,,Iranian Journal of Medical Education,Isfahan University of Medical Sciences,1434,2053,False,False,,2764504601,2024-02-23T10:27:18.802867
2764508331,0034-6616,"[""0034-6616""]",Review of marketing and agricultural economics,,897,2051,False,False,,2764508331,2024-02-23T11:10:56.469693
4306508865,,,Education Review // Reseñas Educativas,,261,2048,False,False,,4306508865,2024-02-23T00:28:48.971980
2737588985,2081-139X,"[""2392-0629"", ""2081-139X""]",Inżynieria Ekologiczna,Polish Society of Ecological Engineering,1649,2043,True,True,http://www.ineko.net.pl,2737588985,2024-02-23T11:48:25.521360
119709983,0006-9698,"[""0006-9698"", ""1938-2979""]",Breviora,Museum of Comparative Zoology,517,2042,True,False,,119709983,2024-02-23T05:09:38.511554
4306509411,,,Energetyka,,2290,2037,False,False,,4306509411,2024-02-23T02:47:11.982583
116485746,0373-6385,"[""0373-6385"", ""1883-2172""]","Memoirs of The Faculty of Science, Kyushu University. Series A, Mathematics",,762,2033,False,False,,116485746,2024-02-23T10:04:24.415080
2764503789,2308-4898,"[""2308-4898""]",Geometry & Graphics,,369,2031,False,False,,2764503789,2024-02-23T09:13:58.908971
4210227035,2308-4898,"[""2308-4898""]",Геометрия и графика,Infra-M Academic Publishing House,369,2031,False,False,,4210227035,2024-02-23T06:23:31.166457
2736400552,1415-2150,"[""1415-2150"", ""1983-2117""]",Ensaio Pesquisa em Educação em Ciências,Federal University of Minas Gerais,690,2026,True,True,epec,2736400552,2024-02-23T04:46:16.673318
4210222644,0374-6534,"[""0374-6534""]",European Journal Of Phycology,Taylor & Francis,244,2018,False,False,toc/tejp20/current,4210222644,2024-02-23T09:28:42.040200
4210178951,0723-0567,"[""0723-0567""]",Anatomia clinica,Springer Science+Business Media,252,2011,False,False,,4210178951,2024-02-23T04:56:53.801846
127013269,1534-6005,"[""1534-6005""]",Contributions in Macroeconomics,De Gruyter,62,2010,False,False,,127013269,2024-02-23T14:32:03.651575
3523852,1941-6911,"[""1941-6911""]",Journal of Atrial Fibrillation,"Cardiofront, LLC",542,2009,False,False,web/43830,3523852,2024-02-23T09:23:41.060457
4210227757,1164-4796,"[""1164-4796"", ""2105-2603""]",Revue française de psychosomatique,Presses Universitaires De France,1128,2008,False,False,revue-francaise-de-psychosomatique.htm,4210227757,2024-02-23T12:27:17.484653
4306534857,,,WIT Transactions on Ecology and the Environment,,4528,2005,False,False,,4306534857,2024-02-23T04:27:54.985583
2736636447,1870-3925,"[""1870-3925"", ""2448-4849""]",Región y Sociedad,El Colegio de Sonora,1064,2001,True,True,Difusion/Default.aspx?seccion=revistaenlinea&numero=64,2736636447,2024-02-23T05:49:02.087743
4306533117,,,Training,,730,1999,False,False,,4306533117,2024-02-23T00:00:07.313386
24003136,1324-3780,"[""1324-3780"", ""1440-0979""]",Australian and New Zealand Journal of Mental Health Nursing,Wiley-Blackwell,94,1998,False,False,,24003136,2024-02-23T06:20:09.636085
90740469,0009-4021,"[""0009-4021""]",Child Welfare,Child Welfare League of America,652,1998,False,False,,90740469,2024-02-23T14:11:19.205087
141229364,,,Journal of Institutional and Theoretical Economics-zeitschrift Fur Die Gesamte Staatswissenschaft,Mohr Siebeck GmbH & Co. KG,232,1996,False,False,,141229364,2024-02-23T11:15:03.623695
2764593732,1523-6919,"[""1523-6919"", ""1524-3303""]",Journal of cotton science,,411,1986,False,False,web/7307,2764593732,2024-02-23T10:57:49.327300
109073365,1406-0175,"[""1406-0175"", ""1736-6038"", ""1736-7522"", ""2228-0820""]",Estonian Journal of Engineering,Estonian Academy Publishers,457,1985,False,False,public/va_te/con_u_teh.htm,109073365,2024-02-23T05:23:40.910794
2765024365,1530-7638,"[""1530-7638""]",Journal of Integer Sequences,University of Waterloo,394,1985,False,False,journals/JIS/,2765024365,2024-02-23T12:04:59.423771
88382961,0967-0513,"[""0967-0513"", ""2053-7786""]",Land Contamination & Reclamation,EPP Publications,409,1972,False,False,,88382961,2024-02-23T11:07:01.348536
88895571,0007-5108,"[""0007-5108"", ""1944-0928""]",Bulletin of The Comediantes,Auburn University,1874,1971,False,False,books?id=CAcIAAAAIAAJ,88895571,2024-02-23T13:01:46.317269
4306463251,,,ESF eBooks,ESF,194,1970,False,False,,4306463251,2024-02-23T00:56:14.088849
4363608732,,,Proceedings of the Twentieth Annual ACM-SIAM Symposium on Discrete Algorithms,,136,1970,False,False,,4363608732,2024-02-23T09:49:12.931162
2736497804,1677-2504,"[""2178-2822"", ""1677-2504""]",Revista Brasileira de Inovação,University of Campinas,410,1966,True,True,ojs/index.php/rbi/index,2736497804,2024-02-23T04:48:04.890278
4306463144,,,Ediciones Universidad de Salamanca eBooks,Ediciones Universidad de Salamanca,3497,1964,False,False,,4306463144,2024-02-23T03:19:11.603797
4306517719,1226-3591,"[""1226-3591"", ""2287-8203""]",Korean Journal of Plant Resources,,1285,1964,False,False,Publication/765,4306517719,2024-02-23T02:26:35.561576
86301901,1133-455X,"[""1133-455X""]",Revista De Economia Aplicada,University of Zaragoza,539,1963,False,False,revista/default.html,86301901,2024-02-23T10:34:45.677416
4306463714,,,Palgrave eBooks,Palgrave Macmillan,568,1957,False,False,,4306463714,2024-02-23T02:03:29.491582
2737632977,1533-242X,"[""1533-242X""]",The Reading Matrix : an International Online Journal,Meena Singhal & John I. Liontas,361,1955,True,True,http://www.readingmatrix.com/,2737632977,2024-02-23T06:20:42.130983
4306502690,,,Aquaculture Science,,2506,1946,False,False,,4306502690,2024-02-23T02:18:12.115044
4210193565,0860-6846,"[""0860-6846"", ""2083-8328""]",Ekonomika i Organizacja Przedsiębiorstwa,Portico,2670,1939,False,False,eoe,4210193565,2024-02-23T05:27:14.663228
4210169784,1315-9518,"[""1315-9518"", ""2477-9431""]",Revista de ciencias sociales,University of Zulia,1059,1935,True,True,index.php/rcs/index,4210169784,2024-02-23T23:02:39.175665
4306463702,,,Organisation for Economic Co-operation and Development eBooks,Organization for Economic Cooperation and Development,300,1933,False,False,,4306463702,2024-02-23T03:19:23.458586
81046792,1368-7506,"[""1368-7506""]",Journal of Digital Information,,284,1932,False,False,jodi/index.php/jodi/index,81046792,2024-02-23T10:10:59.729649
4210232130,0210-9778,"[""1988-3307"", ""2603-9273"", ""0210-9778""]",Lazaroa,Complutense University of Madrid,782,1925,True,True,index.php/LAZA,4210232130,2024-02-23T08:41:41.506552
4306466578,,,Böhlau eBooks,Böhlau Verlag,2077,1925,False,False,,4306466578,2024-02-23T00:41:34.746863
2764757569,0277-4232,"[""0277-4232""]",Education week,Editorial Projects in Education,1616,1924,False,False,http://www.edweek.org,2764757569,2024-02-23T06:21:38.369578
107880978,,,Tidsskrift for Den Norske Laegeforening,Norwegian Medical Association,15448,1916,False,False,,107880978,2024-02-23T12:47:23.748164
972034074,0378-7818,"[""2477-9407"", ""0378-7818""]",Revista De La Facultad De Agronomia De La Universidad Del Zulia,University of Zulia,1720,1915,True,False,,972034074,2024-02-23T12:24:17.468386
2764349233,0736-0983,"[""0037-9719"", ""0736-0983""]",Planning for higher education,Society for College and University Planning,1035,1914,False,False,learning-resources/planning-for-higher-education-journal,2764349233,2024-02-23T05:44:33.143192
4306463338,,,G P Putnam's Sons eBooks,G P Putnam's Sons,682,1913,False,False,,4306463338,2024-02-23T03:38:04.955287
2765035158,,,ULB Institutional Repository,Editions of the University of Brussels,3506,1912,False,False,,2765035158,2024-02-23T06:22:43.354094
2764395064,2155-9821,"[""2155-9821""]",Journal of bioprocessing & biotechniques,OMICS Publishing Group,453,1907,False,False,jbpbthome.php,2764395064,2024-02-23T11:45:35.559973
4306496233,,,한국자동차공학회 부문종합 학술대회,,2492,1902,False,False,,4306496233,2024-02-23T00:10:49.082165
4210170594,1073-6840,"[""2379-0814"", ""1073-6840""]",Strength and conditioning,Lippincott Williams & Wilkins,449,1895,False,False,,4210170594,2024-02-23T11:54:42.400186
4306475329,,,Luchterhand eBooks,Luchterhand,976,1886,False,False,,4306475329,2024-02-23T00:27:13.332965
1014436910,1136-8071,"[""1136-8071""]",Revista De Hispanismo Filosofico,Fondo de Cultura Económica,1465,1885,False,False,,1014436910,2024-02-23T12:28:21.470708
88096583,1479-0505,"[""1479-0513"", ""1479-0505""]",Biofilms,Cambridge University Press,99,1885,False,False,http://journals.cup.org,88096583,2024-02-23T07:24:27.531597
189310978,0019-6665,"[""0019-6665""]",Indiana Law Journal,Indiana University Maurer School of Law,3042,1884,False,False,http://ilj.law.indiana.edu/,189310978,2024-02-23T09:38:48.915783
4210227871,1077-341X,"[""1077-341X"", ""1939-5647""]",Cultural diversity and mental health,American Psychological Association,214,1877,False,False,,4210227871,2024-02-23T05:10:51.945440
2764764968,1177-6250,"[""1177-6250""]",Gene regulation and systems biology,SAGE Publishing,155,1876,True,False,journal.php?pa=description&journal_id=26,2764764968,2024-02-23T16:37:58.056591
4306475610,,,Martins Fontes eBooks,Martins Fontes,36,1871,False,False,,4306475610,2024-02-23T02:36:29.920711
39858931,0044-3301,"[""1439-2615"", ""0044-3301""]",Zeitschrift Fur Philosophische Forschung,Verlag Vittorio Klostermann,1257,1870,False,False,epages/63574303.sf/de_de/?objectpath=/shops/63574303/categories/zeitschriften/zeitsfphilforschung,39858931,2024-02-23T05:44:50.501986
4210194811,0524-0476,"[""1853-8460"", ""0524-0476""]",Bonplandia,Instituto de Botánica del Nordeste,404,1870,True,True,index.php?varbotpcipal=bonplandia&varbotsec=bonplandia,4210194811,2024-02-23T04:51:16.869115
4306518338,,,Lecturas: Educación física y deportes,,2801,1866,False,False,,4306518338,2024-02-23T01:06:25.668719
2764874868,0011-6963,"[""0011-6963""]",Datamation archive,,956,1865,False,False,,2764874868,2024-02-23T12:24:32.496090
41573172,0721-2631,"[""0721-2631""]",Statistics & Decisions,De Gruyter,154,1863,False,False,view/j/strm,41573172,2024-02-23T11:12:53.694575
4306486143,,,Basic Books/Hachette Book Group,Basic Books/Hachette Book Group,71,1863,False,False,,4306486143,2024-02-23T01:18:29.750942
4210222020,1405-1109,"[""1405-1109""]",Psicología y salud,Universidad Veracruzana,817,1858,True,False,,4210222020,2024-02-23T09:18:39.764134
4306525161,,,Quadrant,,7362,1856,False,False,,4306525161,2024-02-23T02:13:19.775730
4210196467,0172-6668,"[""0172-6668""]",Plant systematics and evolution,Springer Vienna,71,1846,False,False,,4210196467,2024-02-23T22:54:03.729775
4210205461,0079-6824,"[""0079-6824"", ""2235-4328""]",Progress in surgery,,316,1846,False,False,,4210205461,2024-02-23T10:44:30.169596
4210210263,0894-0819,"[""0894-0819""]",SIGOIS bulletin,Association for Computing Machinery,435,1840,False,False,,4210210263,2024-02-23T08:58:11.353445
4306466260,,,Beck eBooks,Beck,1238,1837,False,False,,4306466260,2024-02-23T00:46:14.228154
4306523231,,,Problemy Inżynierii Rolniczej,,1351,1834,False,False,,4306523231,2024-02-23T03:07:13.112212
4210180360,0137-4729,"[""0137-4729""]",Polityka Społeczna,Index Copernicus International S.A.,2153,1833,False,False,,4210180360,2024-02-23T11:04:10.376269
2764807277,2217-544X,"[""2217-544X"", ""2217-5652""]",International Journal for Traffic and Transport Engineering,"City Net Scientific Research Center, Ltd. Belgrade",515,1831,True,False,home,2764807277,2024-02-23T09:37:25.188175
4306502127,0860-4037,"[""0860-4037"", ""2300-8342""]",Animal Science Papers and Reports,,835,1824,False,False,journal,4306502127,2024-02-23T03:51:49.579134
132870446,0022-3387,"[""0022-3387""]",Journal of Parapsychology,Rhine Research Center,624,1819,False,False,what-we-do/journal-of-parapsychology.html,132870446,2024-02-23T06:51:07.474491
4306518129,,,L'Antiquité Classique,,17970,1817,False,False,http://www.antiquiteclassique.be,4306518129,2024-02-23T00:43:44.843512
4210219489,1815-1981,"[""1815-1981""]",OECD labour market and social policy occasional papers,,86,1815,False,False,,4210219489,2024-02-23T10:35:19.171422
4306463759,,,Plon eBooks,Plon,1281,1813,False,False,,4306463759,2024-02-23T00:41:51.963388
4306513004,,,İlköğretim Online (elektronik),,595,1810,False,False,,4306513004,2024-02-23T00:00:10.610142
4306464210,,,University Press of America eBooks,University Press of America,842,1809,False,False,,4306464210,2024-02-23T03:25:10.049316
155685828,1881-6118,"[""1881-6118"", ""1884-0450""]",Journal of Mmij,,850,1803,True,True,,155685828,2024-02-23T07:42:48.483138
4306526541,,,Revista de Administra&ccdeil;ão da Universidade de São Paulo,,370,1801,False,False,,4306526541,2024-02-23T02:06:46.445987
4306522206,,,Peer Review,,313,1800,False,False,,4306522206,2024-02-23T01:55:47.478647
4306513454,,,Instal,,1955,1799,False,False,,4306513454,2024-02-23T01:29:09.166558
193089770,1061-7264,"[""1061-7264"", ""1931-1311""]",ACM Sigplan Fortran Forum,Association for Computing Machinery,438,1794,False,False,citation.cfm?id=J286&picked=prox,193089770,2024-02-23T04:33:36.010838
4210212954,0081-0231,"[""2469-844X"", ""0081-0231""]",Smithsonian contributions to astrophysics,Smithsonian Institution,162,1787,False,False,,4210212954,2024-02-23T05:17:42.253156
4306507410,,,Cultivos Tropicales,,1849,1787,False,False,http://www.inca.edu.cu,4306507410,2024-02-23T01:27:19.483551
2765058559,1735-9260,"[""1735-9260""]",Journal of Mazandaran University of Medical Sciences,Mazandaran University of Medical Sciences,3287,1784,True,True,index.php?slc_lang=en&sid=1,2765058559,2024-02-23T05:12:13.487916
4210176481,0952-9608,"[""0952-9608"", ""1747-3489""]",Mental handicap research,Wiley-Blackwell,175,1784,False,False,,4210176481,2024-02-23T10:24:37.288164
4210173681,0385-9932,"[""0385-9932""]",Kachiku hanshokugaku zasshi,Japanese Society of Animal Reproduction,587,1783,False,False,,4210173681,2024-02-23T08:02:59.882692
178029676,1836-0661,"[""1836-3644"", ""1836-0661""]",Plant Omics,Southern Cross Publishing,543,1781,True,False,,178029676,2024-02-23T09:10:12.092446
4210171734,1018-4171,"[""2199-7233"", ""1018-4171""]",Arachnologische Mitteilungen,Arachnologische Gesellschaft,817,1779,True,True,en/journal/arachnology-letters,4210171734,2024-02-23T23:59:10.126366
4210231723,0776-3824,"[""0776-3824"", ""2034-7871""]",Kernos,OpenEdition,1303,1774,False,False,http://www.kernos.ulg.ac.be,4210231723,2024-02-23T11:59:54.921688
2764944651,0197-6745,"[""0197-6745"", ""2160-5076""]",Dictionaries: journal of the Dictionary Society of North America,,803,1771,False,False,,2764944651,2024-02-23T10:26:36.383398
4306526862,,,Revista de la Asociación Geológica Argentina,,1626,1771,False,False,,4306526862,2024-02-23T03:11:52.765129
4306464631,,,A.A. Balkema eBooks,A.A. Balkema,691,1765,False,False,,4306464631,2024-02-23T03:24:48.350429
2736958894,,,Revista de Filosofía,University of Chile,2826,1762,False,False,,2736958894,2024-02-23T08:38:35.762663
4210176396,0240-2955,"[""0240-2955""]",[Annales de la Faculté des sciences de l'Université de Toulouse pour les sciences mathématiques et les sciences physiques],,366,1760,True,False,,4210176396,2024-02-23T09:47:19.689187
34089031,0362-1588,"[""0362-1588""]",Houston Journal of Mathematics,University of Houston,754,1756,False,False,,34089031,2024-02-23T06:37:05.549147
4306480541,,,Tecnos eBooks,Tecnos,169,1755,False,False,,4306480541,2024-02-23T00:45:24.484697
2764625483,0272-8893,"[""0272-8893""]",Focus on learning problems in mathematics,,313,1754,False,False,,2764625483,2024-02-23T06:05:11.069770
4306472662,,,IDS eBooks,IDS,28,1750,False,False,,4306472662,2024-02-23T00:40:47.802911
2764620129,0303-6960,"[""0974-4444"", ""0303-6960""]",Indian journal of nematology,Nematological Society of India,2631,1748,False,False,http://indianjournals.com,2764620129,2024-02-23T04:38:39.005161
4210212671,2044-4893,"[""2044-4893"", ""2044-4907""]",International journal of space-based and situated computing,Inderscience Enterprises Ltd.,245,1745,False,False,jhome.php?jcode=ijssc,4210212671,2024-02-23T03:55:50.652591
4306477477,,,Państwowe Wydawn. Naukowe eBooks,Państwowe Wydawn. Naukowe,402,1745,False,False,,4306477477,2024-02-23T03:30:29.376254
2764603276,0460-0037,"[""0460-0037""]",Lund political studies,,156,1732,False,False,,2764603276,2024-02-23T09:35:01.904095
2738549118,0122-9761,"[""2590-4671"", ""0122-9761""]",Boletín de Investigaciones Marinas y Costeras,Instituto de Investigaciones Marinas y Costeras,824,1728,True,False,index.php/boletin,2738549118,2024-02-23T08:02:06.832627
2736882778,1679-2343,"[""1679-2343""]",Revista Brasileira de Biociências,Federal University of Rio Grande do Sul,1060,1725,False,False,seerbio/ojs,2736882778,2024-02-23T11:55:05.799119
4306471040,,,F. Steiner eBooks,F. Steiner,1213,1723,False,False,,4306471040,2024-02-23T01:15:56.077211
8129204,0895-6340,"[""0895-6340""]",Computing Systems,,133,1720,False,False,,8129204,2024-02-23T09:34:11.726470
4306472661,,,"IDRC, Ottawa, ON, CA eBooks","IDRC, Ottawa, ON, CA",261,1719,False,False,,4306472661,2024-02-23T00:35:05.164451
4210175028,0213-7771,"[""2443-9991"", ""0213-7771""]",Investigación en la escuela,University of Seville,715,1718,True,True,index.php/IE/index,4210175028,2024-02-23T07:42:53.534620
4306471292,,,G. Einaudi eBooks,G. Einaudi,535,1710,False,False,,4306471292,2024-02-23T01:45:34.127477
174060560,1387-5337,"[""1387-5337"", ""1569-9757""]",Evolution of Communication,John Benjamins Publishing Company,55,1707,False,False,,174060560,2024-02-23T11:51:29.352466
126523489,0303-8106,"[""0303-8106"", ""1883-7301""]",Audiology Japan,Japan Audiological Society,12491,1705,True,False,,126523489,2024-02-23T07:41:28.529138
4306510862,,,Fragmenta Agronomica,,1775,1704,False,False,,4306510862,2024-02-23T00:51:16.945678
4306470739,,,Fischer Taschenbuch Verlag eBooks,Fischer Taschenbuch Verlag,726,1701,False,False,,4306470739,2024-02-23T01:20:54.901112
185733999,0011-250X,"[""0011-250X""]",Cuadernos Hispanoamericanos,Spanish Agency for International Development Cooperation,7622,1697,False,False,ES/cultura/publicaciones/cuadernos-hispanoamericanos,185733999,2024-02-23T12:40:09.389712
4210231189,1477-5921,"[""1477-5921""]",The AFCS-nature molecule pages,Springer Nature,662,1697,False,False,http://www.signaling-gateway.org/,4210231189,2024-02-23T10:06:57.699368
2764645373,1477-9633,"[""1477-9633"", ""2040-056X""]",Journal of organisational transformation and social change,Maney Publishing,257,1686,False,False,content/maney/jotsc,2764645373,2024-02-23T11:51:23.576513
4306495411,,,한국통신학회 학술대회논문집,,27692,1686,False,False,,4306495411,2024-02-23T01:38:12.560164
127420649,0971-457X,"[""0971-457X"", ""0975-0991""]",Indian Journal of Chemical Technology,CSIR-NIScPR,1428,1684,False,False,handle/123456789/55,127420649,2024-02-23T11:49:08.641598
4210198406,0885-9884,"[""2326-4535"", ""0885-9884""]",The Journal of the Association of Teachers of Japanese,The Association of Teachers of Japanese,624,1683,False,False,,4210198406,2024-02-23T09:21:38.310067
4363609014,,,2006 Annual Conference & Exposition Proceedings,,1400,1677,False,False,,4363609014,2024-02-23T09:59:22.191985
4306475861,,,Methuen eBooks,Methuen,1093,1676,False,False,,4306475861,2024-02-23T01:58:22.542796
195995753,0033-3557,"[""0033-3557""]",Public Interest,,370,1674,False,False,,195995753,2024-02-23T03:58:26.189298
21998430,1120-9488,"[""1120-9488""]",Polis,Nova Publishers,2384,1674,False,False,,21998430,2024-02-23T04:30:08.392519
4306463397,,,Houghton Mifflin Company eBooks,Houghton Mifflin Company,881,1671,False,False,,4306463397,2024-02-23T00:24:41.064749
4210217076,0097-0360,"[""0097-0360""]",Journal of rheology,Society of Rheology,183,1669,False,False,,4210217076,2024-02-23T12:55:40.168006
4306521948,,,Pamiętnik Puławski,,1098,1669,False,False,,4306521948,2024-02-23T03:19:20.157061
2764819169,,,Staff Reports,,691,1668,False,False,,2764819169,2024-02-23T08:10:01.669000
4210186405,0108-0164,"[""0108-0164""]","Acta pathologica, microbiologica et immunologica Scandinavica",Wiley-Blackwell,399,1664,False,False,,4210186405,2024-02-23T12:38:57.107989
4210201941,1913-4711,"[""1913-4711""]",Phenomenology & practice,University of Alberta,205,1663,True,True,index.php/pandpr,4210201941,2024-02-23T07:54:11.378696
4210187655,2152-9620,"[""2152-9620""]",Dialogue and discourse,Linguistic Society of America,110,1656,True,True,http://dialogue-and-discourse.org/,4210187655,2024-02-23T07:28:10.113952
151944519,0029-2524,"[""0029-2524""]",North Carolina Law Review,North Carolina Law Review Association,3574,1652,False,False,http://www.nclawreview.org/,151944519,2024-02-23T09:14:31.634528
4210211674,1064-1173,"[""2326-5132"", ""1064-1173""]",Hesperia,JSTOR,152,1652,False,False,,4210211674,2024-02-23T09:04:23.072302
2764993477,1534-7311,"[""1534-7311""]",Advertising and society review,,341,1648,False,False,journal/18,2764993477,2024-02-23T04:22:13.553683
4210170423,2154-5057,"[""2471-3376"", ""2154-5057""]",Foundations of database design,,65,1647,False,False,,4210170423,2024-02-23T06:50:10.328030
4306463392,,,"Holt, Rinehart & Winston eBooks","Holt, Rinehart & Winston",131,1647,False,False,,4306463392,2024-02-23T01:06:14.736634
4306463656,,,Netbiblo eBooks,Netbiblo,2475,1646,False,False,,4306463656,2024-02-23T03:51:30.501088
2764488310,0043-5589,"[""0043-5589""]",William and Mary law review,Routledge,2182,1644,False,False,,2764488310,2024-02-23T09:11:34.667709
4306524292,0078-4303,"[""0078-4303""]",Proceedings of the Oklahoma Academy of Science,Oklahoma Academy of Science,3347,1644,False,False,,4306524292,2024-02-23T01:49:39.688725
4210231818,1534-7311,"[""1534-7311""]",Advertising & society review,Johns Hopkins University Press,329,1642,False,False,journal/18,4210231818,2024-02-23T05:21:30.778058
8720358,0276-9077,"[""0276-9077""]",The Atlantic Monthly,Routledge,272,1637,False,False,,8720358,2024-02-23T06:23:21.298455
4306477989,,,Polity eBooks,Polity,119,1631,False,False,,4306477989,2024-02-23T01:26:02.243322
206288944,0002-7626,"[""0002-7626""]",American Bee Journal,Dadant & Sons,1432,1627,False,False,http://americanbeejournal.com/,206288944,2024-02-23T09:10:54.354077
4306509937,,,Estudios Sociológicos de El Colegio de México,,1012,1627,False,False,,4306509937,2024-02-23T00:29:12.462725
4306463768,,,Porto Editora eBooks,Porto Editora,87,1624,False,False,,4306463768,2024-02-23T02:26:05.001297
2764544083,0818-8068,"[""0818-8068"", ""2208-5394""]",The Australian Universities' review,,677,1618,False,False,current/pdf,2764544083,2024-02-23T05:08:32.044721
4210169186,2615-1715,"[""2615-3076"", ""2615-1715""]",Budapest International Research and Critics Institute Journal (BIRCI-Journal),Budapest International Research and Critics Institute,966,1617,True,False,,4210169186,2024-02-23T10:06:30.359722
165893625,0028-7806,"[""0028-7806""]",New York Times Book Review,Cambridge University Press,6345,1614,False,False,section/books/review,165893625,2024-02-23T08:42:45.547122
4306519375,,,McGill Journal of Education / Revue des sciences de l'éducation de McGill,,1485,1614,False,False,,4306519375,2024-02-23T00:32:58.957429
189780351,0032-4000,"[""0032-4000"", ""2230-5955""]",Journal of The Polynesian Society,Polynesian Society,705,1608,False,False,http://www.jps.auckland.ac.nz,189780351,2024-02-23T07:56:15.916952
9016081,1413-4853,"[""1982-2170"", ""1413-4853""]",Boletim De Ciencias Geodesicas,Universidade Federal do Paraná,894,1607,True,True,ojs2/index.php/bcg/index,9016081,2024-02-23T03:53:20.090705
4210214409,1479-3598,"[""1479-3598""]",Advances in environmental accounting & management,Emerald Publishing Limited,115,1606,False,False,,4210214409,2024-02-23T05:29:27.805225
2764508662,,,T.H.E. Journal Technological Horizons in Education,Information Synergy,2037,1605,False,False,,2764508662,2024-02-23T04:59:36.201045
73693242,1819-1932,"[""1819-1932"", ""2152-0437""]",Research Journal of Business Management,Science Alert,194,1599,True,False,jindex.php?issn=1819-1932,73693242,2024-02-23T04:06:45.361305
4210200819,1793-1002,"[""1793-1002""]",Advanced series in applied physics,World Scientific,124,1598,False,False,,4210200819,2024-02-23T06:17:38.775028
4306521640,0137-5466,"[""0137-5466"", ""2300-2530""]",Organizacja i Kierowanie,,798,1598,False,False,ogolnouczelniane/oik/kwartalnik_oik,4306521640,2024-02-23T00:29:23.108733
4210225374,1230-3534,"[""2449-9897"", ""1230-3534""]","Hutnik, Wiadomości Hutnicze","Wydawnictwo SIGMA-NOT, sp. z.o.o.",2549,1597,False,False,,4210225374,2024-02-23T06:10:58.308457
2764977439,1751-8326,"[""1751-8334"", ""1751-8326""]",Economic and Labour Market Review,Palgrave Macmillan,862,1596,False,False,journal/41318,2764977439,2024-02-23T11:42:57.165631
4210231686,0168-6356,"[""2155-5397"", ""0168-6356""]",Crustacean issues,CRC Press,114,1588,False,False,,4210231686,2024-02-23T09:21:42.691706
47857099,0039-7660,"[""0039-7660""]",Sylwan,Polish Forestry Society,5197,1586,False,False,http://sylwan.ibles.waw.pl/,47857099,2024-02-23T08:31:10.741645
4306471534,,,G. Narr eBooks,G. Narr,512,1585,False,False,,4306471534,2024-02-23T03:20:39.656540
4306507770,0975-413X,"[""0975-413X""]",Der Pharma Chemica,,3117,1585,False,False,http://derpharmachemica.com,4306507770,2024-02-23T01:20:24.520735
4210226682,1134-4539,"[""2603-6673"", ""1134-4539""]",Revista de lexicografía,University of A Coruña,379,1583,True,False,index.php/rlex,4210226682,2024-02-23T10:56:36.832609
2764689111,,,The Electronic Journal of Science Education,,391,1574,False,False,web/4660,2764689111,2024-02-23T09:27:48.199382
2764368923,0010-7476,"[""0010-7476""]",Contemporary Education,Indiana State University,948,1573,False,False,,2764368923,2024-02-23T04:24:19.691372
2764427209,,,The Journal of Phytology,,355,1573,False,False,,2764427209,2024-02-23T04:13:59.386616
2764646752,,,Agricultural science digest,Agricultural Research Communication Centre,1388,1573,False,False,http://www.indianjournals.com,2764646752,2024-02-23T12:24:26.385060
4306550465,,,日本動物学彙報,,1573,1573,False,False,,4306550465,2024-02-23T03:40:14.127659
2764814348,0734-6670,"[""0734-6670""]",Journal of College Admission,,391,1570,False,False,,2764814348,2024-02-23T12:20:19.184693
2764990639,0975-9344,"[""0975-9344""]",International Journal of Drug Development and Research,Scitechnol Biosoft Pvt. Ltd (OMICS),1028,1569,False,False,http://www.ijddr.com,2764990639,2024-02-23T08:44:40.969676
4210219051,2195-5468,"[""2195-5468""]",Journal of uncertainty analysis and applications,Springer Science+Business Media,78,1566,False,False,https://juaa-journal.springeropen.com/,4210219051,2024-02-23T08:19:28.515148
4210214085,0032-6186,"[""0032-6186""]",Praca i Zabezpieczenie Społeczne,Polskie Wydawnictwo Ekonomiczne,1662,1564,True,False,http://www.pizs.pl,4210214085,2024-02-23T08:32:39.855400
4210226103,0430-0696,"[""0430-0696""]",Symposia of the Faraday Society,Royal Society of Chemistry,104,1564,False,False,,4210226103,2024-02-23T08:27:30.431343
2643336,0308-6976,"[""0308-6976"", ""2053-9029""]","Iee Journal on Microwaves, Optics and Acoustics",,185,1562,False,False,content/journals/ij-moa,2643336,2024-02-23T03:53:55.692586
2764865326,,,Planning and changing,Illinois State University Department of Educational Administration and Foundations,758,1560,False,False,planning,2764865326,2024-02-23T09:19:48.053132
2765016018,0740-7874,"[""0740-7874""]",ERS spectrum,,404,1560,False,False,,2765016018,2024-02-23T10:37:09.027578
4306401256,,,College of Statistical and Actuarial Sciences University of the Punjab Quaid-i-Azam Campus - Pakistan Journal of Statistics and Operation Research,College of Statistical and Actuarial Sciences University of the Punjab Quaid,276,1559,True,False,,4306401256,2024-02-23T11:22:44.378144
193292235,1976-9180,"[""1976-9180"", ""2093-2650""]",Korean Diabetes Journal,Korean Diabetes Association,453,1558,False,False,http://www.e-kdj.org,193292235,2024-02-23T05:59:34.616571
2765035237,1524-5039,"[""1524-5039""]",Early childhood research and practice,,206,1558,False,False,web/4602,2765035237,2024-02-23T06:07:30.213016
4306464152,,,University of Calgary Press eBooks,University of Calgary Press,7627,1557,False,False,,4306464152,2024-02-23T03:17:45.082552
195883663,1866-6175,"[""1866-6175""]",Annalen Der Philosophie Und Philosophischen Kritik,Springer Science+Business Media,325,1556,False,False,,195883663,2024-02-23T23:36:29.533619
148936004,1577-8517,"[""2340-5058"", ""1577-8517""]",The International Journal of Digital Accounting Research,Rutgers University Press,150,1555,False,False,servlet/revista?codigo=8522,148936004,2024-02-23T05:28:03.377896
4306504967,0365-9445,"[""0365-9445"", ""2353-9054""]",Bromatologia i Chemia Toksykologiczna,,2316,1554,False,False,http://www.bromatologiaichemiatoksykologiczna.pl,4306504967,2024-02-23T00:05:44.959965
104868666,1939-1919,"[""1939-1919""]",Veterinary Medicine,"Advanstar Communications, Inc.",1527,1550,False,False,,104868666,2024-02-23T11:44:05.931375
28361319,0146-6623,"[""0146-6623""]",Journal of Aquatic Plant Management,,243,1550,False,False,,28361319,2024-02-23T07:42:42.282001
4306513652,,,International Association for the Evaluation of Educational Achievement,,110,1550,False,False,http://www.iea.nl,4306513652,2024-02-23T02:10:48.628826
4210224981,0968-4891,"[""0968-4891"", ""1463-4457""]",Empowerment in organizations,Emerald (MCB UP),109,1549,False,False,,4210224981,2024-02-23T11:33:43.639142
4210182606,0022-1252,"[""2632-170X"", ""0022-1252""]",Journal of gemmology and proceedings of the Gemmological Association of Great Britain,GEM-A,1763,1547,False,False,,4210182606,2024-02-23T04:28:06.808891
2764976106,1545-8741,"[""1545-8741""]",Amber Waves,United States. Department of Agriculture,1244,1545,False,False,,2764976106,2024-02-23T05:19:40.248513
2764717914,1085-5300,"[""1085-5300""]",Research in the Schools,,254,1544,False,False,,2764717914,2024-02-23T07:45:55.252907
2737733660,0103-4235,"[""0103-4235""]",Alimentos e Nutrição,São Paulo State University,706,1538,True,True,seer/index.php/alimentos,2737733660,2024-02-23T07:14:11.353125
4306465284,,,American Museum of Natural History eBooks,American Museum of Natural History,194,1536,False,False,,4306465284,2024-02-23T00:39:46.278905
986843014,,,English Teaching-practice and Critique,,301,1536,False,False,,986843014,2024-02-23T12:04:49.969223
4210229528,1793-0707,"[""1793-0707""]","Series on stability, vibration and control of systems",World Scientific,246,1531,False,False,,4210229528,2024-02-23T12:01:45.944853
4306508936,,,EĞİTİM VE BİLİM,,1330,1529,False,False,,4306508936,2024-02-23T03:44:14.870387
119322380,0871-4657,"[""1647-8606"", ""0871-4657""]",Psychologia,Coimbra University Press,677,1528,True,True,psychologica/index,119322380,2024-02-23T12:56:28.880072
129923748,1038-2569,"[""1038-2569"", ""1839-4914""]",Youth Studies Australia,,572,1527,False,False,journal/overview,129923748,2024-02-23T12:29:42.133057
4210196311,0033-2372,"[""2657-9545"", ""0033-2372""]",Przegląd Statystyczny,Index Copernicus International S.A.,914,1527,True,True,http://ps.stat.gov.pl,4210196311,2024-02-23T11:54:47.523090
4306511290,0213-683X,"[""0213-683X"", ""2173-6545""]",Geogaceta,,3110,1521,False,False,publicaciones_geogaceta.html,4306511290,2024-02-23T02:10:52.501621
87634573,1939-6716,"[""1942-1273"", ""1939-6716""]",Journal of Late Antiquity,Johns Hopkins University Press,489,1519,False,False,journals/journal_of_late_antiquity/,87634573,2024-02-23T07:49:10.798660
134423501,0146-5422,"[""0146-5422""]",Online,"Information Today, Inc.",2772,1517,False,False,,134423501,2024-02-23T09:51:47.090574
4210221071,1793-1223,"[""1793-1223""]",Lecture notes series on computing,Springer Science+Business Media,197,1517,False,False,,4210221071,2024-02-23T11:03:48.111814
4306506610,,,Commentarii mathematici Universitatis Sancti Pauli = Rikkyo Daigaku sugaku zasshi,,838,1517,False,False,,4306506610,2024-02-23T00:12:21.440525
2764731901,0394-6169,"[""0394-6169"", ""1592-1573""]",Advances in horticultural science,Firenze University Press,955,1516,True,True,index.php/ahs,2764731901,2024-02-23T07:35:36.022026
2764928144,1047-8248,"[""1047-8248""]",Educational Foundations,Routledge,421,1515,False,False,,2764928144,2024-02-23T05:22:30.602608
172367551,0733-4273,"[""0733-4273""]",Journal of Psychology and Christianity,Christian Association for Psychological Studies,607,1514,False,False,index.php?option=com_content&view=article&id=201&Itemid=237,172367551,2024-02-23T06:28:10.287650
4306477089,,,Office for Official Publications of the European Communities eBooks,Office for Official Publications of the European Communities,588,1513,False,False,,4306477089,2024-02-23T03:37:37.169167
2764951764,0197-9922,"[""0197-9922""]",Studies in avian biology,Cooper Ornithological Society,129,1512,False,False,publications/sab.htm,2764951764,2024-02-23T06:01:12.828111
2764796547,1042-9859,"[""1042-9859""]",Education and Training in Mental Retardation,,237,1505,False,False,,2764796547,2024-02-23T05:25:23.026741
4306529437,,,Sede de la CEPAL en Santiago (Estudios e Investigaciones),,3727,1504,False,False,,4306529437,2024-02-23T03:09:32.866305
4210171864,1518-7012,"[""1518-7012"", ""1984-042X""]",Interações,Universidade Católica Dom Bosco,978,1501,True,False,,4210171864,2024-02-23T10:47:03.985100
2764693388,0037-2633,"[""1708-1734"", ""0037-2633""]",Service social,Oxford University Press,1353,1500,True,False,,2764693388,2024-02-23T08:31:52.780709
2764693772,2157-7064,"[""2157-7064""]",Journal of Chromatography & Separation Techniques,OMICS Publishing Group,1218,1500,False,False,jcgsthome.php,2764693772,2024-02-23T08:38:06.727024
4306524763,0033-2038,"[""0033-2038""]",Przegląd Budowlany,,1993,1496,False,False,http://przegladbudowlany.pl,4306524763,2024-02-23T20:57:03.528192
4306533899,,,University of Massachusetts Occasional Papers in Linguistics,,273,1494,False,False,,4306533899,2024-02-23T02:11:05.364758
