index,query_text
0,(research papers) AND (compress) AND (large-scale language models) AND (task-agnostic knowledge distillation)
1,(resources) AND (translating Tunisian Arabic) AND (manually translated comments) AND (native speakers) AND (data augmentation) AND (segmentation at stop words level)
2,(studies) AND (post-hoc techniques) AND (hallucination detection) AND ((token-level) OR (sentence-level)) AND (neural sequence generation)
3,(tools) OR (studies) AND (morphological analyzer) AND (multiple Arabic dialects)
4,(papers) AND (propose) AND (contextualized calibration) AND (probability of answers) AND (language models)
5,(studies) AND (combine) AND (convolutional neural network) AND (recurrent neural network) AND (feature extraction) AND (relation extraction)
6,(research) AND (transforming multi-hop questions) AND (single-hop sub-questions) AND (single-hop answer models)
7,(studies) AND ((question answering) OR (passage retrieval)) AND (mitigating clickbait headlines)
8,(publications) AND (evaluation metrics) AND (semantic role labeling) AND (precision) AND (evaluation scripts) AND (SemEval)
9,(paper) AND (transformer-based sentence embeddings)
10,(work) AND (diagnostic tools) AND (detect depression) AND (online posts) AND (temporal artifacts) AND (topical artifacts)
11,(studies) AND (evaluating text generation models) AND (dimensions) AND ((T5) OR (FLAN-T5)) AND ((summary-level) OR (turn-level))
12,(studies) AND (impact of data augmentation) AND ((feature cutoff) OR (token cutoff) OR (span cutoff) OR (dropout)) AND (contrastive learning) AND (sentence representations)
13,"(research) AND (contrastive learning) AND (fine-tuning sentence representations) AND (""in-batch negatives"" AND ""similar to the positive examples"")"
14,(studies) OR (tasks) AND (detecting patronizing language) AND (detecting condescending language) AND (vulnerable communities)
15,"(conversational QA dataset) AND (""human questioner"" AND ""no access to evidence passage"") AND (""real-world information-seeking"")"
16,(foundational paper) AND (scalable framework) AND (generating English sentences) AND (controllable semantic attributes) AND (controllable syntactic attributes) AND (augmenting datasets) AND (NLP tasks)
17,(paper) AND (NLI model) AND (sentence-level relation extraction) AND (hypothesis generation) AND (verification) AND (entity-type constraints)
18,"(literature) AND (dependency-based models) AND (relation extraction) AND (dependency parsing) AND (""non-local syntactic relations"")"
19,"(research) AND (""Word Mover's Distance"" AND sentences) AND (limitations of bag-of-words) AND (word order) AND (text similarity)"
20,"(corpus) AND (""French encyclopedia documents"" AND ""semantic annotations"") AND (""question/answer triplets"" AND ""FrameNet semantic analysis"")"
21,(literature) AND (training neural networks) AND (translate text passages) AND (related questions)
22,"(literature) AND (dataset) AND (emotions) AND (anger OR anticipation OR fear OR joy OR sadness) AND (""Facebook posts"" AND ""multiple languages"")"
23,"(literature) AND (""enhanced semantic parsing methods"") AND (""high-quality meaning representations"") AND (""knowledge-constrained decoding"") AND (""specific grammar rules"")"
24,"(recent studies) AND (""prompt fine-tuning"") AND (""semi-supervised learning"") AND (""natural language understanding"")"
25,(literature) AND (evaluates context-aware machine translation) AND (discourse phenomena) AND (deixis) AND (lexical cohesion)
26,(recent datasets) AND (stance detection) AND (tweets) AND (specific individuals OR specific events) AND (2020 OR 2021 OR 2022 OR 2023 OR 2024 OR 2025)
27,(study) AND (predict reader's native language) AND (eye movement patterns) AND (reading English texts)
28,"(research) AND (""binary classification systems"") AND (""sentences within a context require clarification"") AND (WikiHowToImprove dataset)"
29,"(studies) AND (""open information extraction systems"") AND (""lexical constraints"") AND (""syntactic constraints"") AND (coherent extraction) AND (informative extraction)"
30,"(studies) AND (""dialectal variations"") AND (""normalized text"") AND (""non-Latin scripts"") AND (Arabic OR Japanese)"
31,(large-scale multilingual Amazon customer review data)
32,"(reference) AND (""classifiers for suicide risk detection"") AND (""low-resource language"") AND (""explicit suicide-related terminology"")"
33,"(datasets) AND (""SQL annotations"" AND WikiTQ)"
34,"(studies) AND (baseline) AND (""supervised constituency parsers"") AND (""few-shot learning"") AND (""pre-training"") AND (""data augmentation"") AND (""parser performance improvement"")"
35,"(paper) AND (relation extraction) AND (""syntax dependency structures"") AND (""tree LSTM model"")"
36,"(studies) AND (""novel methods for capturing data"") AND (sarcasm detection) AND (""social media platforms"" AND Twitter)"
37,"(recent work) OR (competitions) AND (""counteract clickbait"") AND (spoiling OR ""revealing key information upfront"")"
38,"(state-of-the-art techniques) AND (""language representation models"") AND (""understand context"" AND ""preceding text"" AND ""succeeding text"") AND (Transformer architecture) AND (""pre-trained on"")"
39,"(research) AND (""topic conditioning"" AND ""transformer language models"") AND (""frame conditioning"" AND ""transformer language models"") AND (""argument claims"")"
40,"(research) AND (""sequence-to-sequence pre-training"") AND (""natural language tasks"") AND (""denoising process"")"
41,"(theoretical basis) AND (""nuclear norm"" AND ""weight matrix"") AND (""measure of complexity"") AND (""linear models"" AND ""probing tasks"")"
42,"(articles) AND (""computational humor"") AND (repetition) OR (""language models"" AND GPT-2) AND (""humor recognition"")"
43,"(efficient transformer architectures) AND (""language embeddings"") AND (XLM-R) AND (""multilingual representation learning"")"
44,"(research) AND (""large datasets"") AND (""sentence simplification"") AND (""Wikipedia sourced"")"
45,"(research) AND (""enhance question answering systems"") AND (""domain adaptation"") AND (""synthetic data generation"")"
46,"(understanding perplexity) AND (""identifying misinformation"") OR (""fact-checking"")"
47,"(comprehensive dataset) AND (""influential in fact verification research"")"
48,"(paper) AND (""constituency parsing performance"") AND (""partition strategy"" AND ""content embedding"") AND (""positional embedding"" AND ""self-attention"") AND (""label attention layers"")"
49,"(innovative approaches) AND (""data annotation"") AND (""Amazon Mechanical Turk"") AND (""maximizing document coverage"") AND (""trade-off"" AND ""full annotation"" AND ""broader document coverage"")"
50,"(morphological embedding algorithms) AND (""word2vec model"") AND (""character n-grams"")"
51,"(distillation process) AND (""language models"") AND (""attention mechanism alignment"") AND (""teacher-student model architecture"")"
52,"(research) AND (""insertion-based decoding methods"") AND (""semantic parsing"") AND (""language modeling"") AND (""alternatives to cross-entropy"") AND (""Kullback–Leibler divergence"")"
53,"(research) AND (""efficacy of recurrent networks"") AND (""language modeling"") AND (""CCG supertagging"") AND (LSTM architectures) AND (""model comparisons"")"
54,"(studies) AND (""advancements in dependency parsing"") AND (""graph-to-graph transformers"") AND (""iterative refinement processes"")"
55,"(discourse parsing literature) AND (""parser performance"") AND (""original Parseval procedure"") AND (""micro-averaged F1 scores"")"
56,"(researching metrics) AND (""human-interaction"" AND ""computer-assisted translation tools"") AND (""keystroke ratio"") AND (""mouse action ratio"") AND (""user effort"") OR (""user engagement"")"
57,"(argument mining) AND (""dependency parsers"") AND (""argumentativeness of texts"") AND (""dialogue systems"")"
58,"(Named Entity Recognition) AND (""multiple languages"") AND (""retrieving related knowledge"") AND (""ambiguous named entities"")"
59,"(machine translation) AND (""encoder/decoder layers"") AND (""attention heads"") AND (hyperparameters) AND (""neural network model"")"
60,"(natural language processing) AND (""model's prediction entropy"") AND (""copying existing text"" VS ""generating novel content"")"
61,"(simultaneous machine translation) AND (tool OR technique) AND (""ground-truth alignments"") AND (""training models"" AND ""incremental translation"")"
62,"(reinforcement learning models) AND (""multi-hop reasoning"") AND (""erroneously correlating outcome"") AND (""irrelevant actions"" OR ""coincidental actions"")"
63,"(approaches) AND (""limitations of beam search"") AND (""neural machine translation"") AND (""full target context"")"
64,"(approaches) AND (""generating sports news reports"") AND (""event data"") AND (models) AND (""Finnish language NLP"")"
65,"(good datasets) AND (""conversational question answering"")"
66,"(key papers) AND (""attention mechanisms"") AND (""bidirectional recurrent neural networks"") AND (""relation classification"")"
67,"(recent advancements) AND (""parsing complex multi-hop questions"") AND (""sequence of simpler query steps"") AND (""improved question answering"")"
68,"(soft-constrained methods) AND (""terminology translation"") AND (""neural machine translation"") AND (""hard-constrained decoding methods"") AND (""degrade translation quality"") OR (""increase complexity"")"
69,"(studies) AND (""statistical machine translation methodologies"" AND GIZA++) AND (""alignment process"" AND ""words and grammar rules"") AND (""semantic parsing"") AND (""generation of meaning representations"")"
70,"(techniques OR tools) AND (""machine learning"") AND (""matching and grounding annotated data"") AND (""existing knowledge base"") AND (""sentence embedding-based cosine similarity"") OR (""clustering algorithms"")"
71,"(recent developments) AND (""evaluating the flow"" OR ""'streaming degree'"") AND (""simultaneous machine translation"") AND (metric)"
72,"(paper) AND (""challenges of compositional generalization"") AND (""semantic parsing"") AND (""unseen local structures"") AND (""program outputs"")"
73,"(papers) AND (datasets) AND (""shared tasks"") AND (""fact verification"") AND (""evidence from Wikipedia"")"
74,"(prior works) AND (""exposure bias"") AND (""hallucinations"") AND (""neural machine translation models"")"
75,"(research) AND (""binarizing non-binary subtrees"") AND (""discourse parsing"")"
76,"(research) AND (""annotating user comments"") AND (""claim verifiability"")"
77,"(research) AND (""improving named entity recognition"") AND (""retrieval of external contexts"")"
78,"(research) AND (""matching word senses"") AND (embeddings) AND (""without external lexical resources"")"
79,"(study) AND (""mean pooling"" AND ""outperforms CLS"") AND (""semantic similarity tasks"") AND (""pretrained transformer models"") AND (""sentence embeddings"")"
80,"(corpus) AND (""CCG annotations"") AND (""natural language processing"") AND (supertagging)"
81,"(detailed discussion) AND (""automating the assessment of clarifications"") AND (""instructional text"") AND (""grading clarifications"") AND (""ranking them on a scale"")"
82,"(discourse treebank) AND (""Chinese newswire articles"") AND (""large enough for splits"")"
83,"(large corpus) AND (""annotated social media posts"") AND (""variety of health conditions"")"
84,"(multilingual corpus) AND (reviews) AND (DVDs OR music OR books) AND (""cross-language sentiment classification"")"
85,"(paper) AND (""annotating events in text"") AND (""degrees of factuality"") AND (certain OR probable OR underspecified)"
86,"(guidelines) AND (""standard practices"") AND (""probing machine learning models"") AND (""discern what information"") AND (""without training on a new task"")"
87,"(information) AND (""self-attentive parsers"") AND (""few-shot learning"") AND (""official code"") AND (hyperparameters)"
88,"(interdisciplinary research) AND (""creative natural language generation"") AND (evaluation)"
89,"(multilingual datasets) AND (""intended sarcasm detection"") AND (English AND Arabic)"
90,"(research) AND (""automatic evaluation metrics"") AND (""summarization tasks"") AND (""disagree with each other"")"
91,"(dataset annotated) AND (""patronizing language"") AND (""condescending language"") AND (""computational linguistics research"")"
92,"(research) AND (""evaluation of consistency"") AND (""generated summaries"")"
93,"(corpora) AND (""frequently used"") AND (""benchmark English readability assessment tools"")"
94,"(paper) AND (""typical configurations"") AND (""fine-tuning"") AND (""deep bidirectional transformers"" AND (BERT OR RoBERTa)) AND (""language understanding tasks"")"
95,"(papers) AND (""transformer language models"") AND (""generation of argumentative text conclusions"") AND (novelty) AND (validity)"
96,"(studies) AND (""factuality in abstractive summarization"") AND (""detect hallucinated content"")"
97,"(work) AND (""open information extraction"") AND (""beyond verbs"") AND (nouns OR adjectives)"
98,"(dataset) AND (""legally or ethically contentious content"") AND (""labels for acceptable and non-acceptable questions"")"
99,"(papers) AND (""training video-language models"") AND (""contrastive approaches"") AND (""evaluation on temporal localization tasks"")"
100,"(recent papers) AND (expert models AND anti-expert models) AND (""text generation"") AND (""mitigate toxic output"")"
101,"(research papers) AND (radiology report summarization) AND (""graph neural networks"") AND (""biomedical entity extraction"")"
102,"(studies) AND (""example-based approaches"") AND (""predict user intent"") AND (""few-shot learning"")"
103,"(studies) AND (""sentiment analysis"") AND (""text-to-graph conversion models"") AND (""contextual embeddings"")"
104,"(studies) AND (""incorporating external commonsense knowledge"") AND (""conversational models"") AND (""enhance emotional support"")"
105,"(studies) AND (""question answering systems"") AND (""queries that cannot be directly recalled"") AND (""training data"")"
106,"(studies) AND (""debiasing language models"") AND (""automatically"") AND (""prompting"")"
107,"(paper) AND (""self-supervised contrastive learning"") AND (""sentence embeddings"") AND (""sampling in-batch negatives"")"
108,"(dialogue summarization dataset) AND (""broadcast interviews"") AND (TV OR radio)"
109,"(research) AND (LLM) AND (""generate better prompts"") OR (""generate better templates"") AND (""task input/output"")"
110,"(paper) AND (""large structured knowledge base"") AND (wikipedia) AND (""entity linking"") AND (""ranking tasks"")"
111,"(research) AND (""multiple input sources"") AND (""clinical text processing"") AND (""recurrent modules"") AND (""single source of information"")"
112,"(research) AND (""few-shot slot tagging"") AND (""micro-F1 scores"") AND (""different test episodes"")"
113,"(research) AND (""bi-encoder text matching"") AND (""knowledge distillation methods"")"
114,"(research) AND (""disambiguating word senses"") AND (""infrequent scenarios"") AND (""zero-shot scenarios"")"
115,"(contemporary research paper) AND (""natural language watermarking quality"") AND (""algorithmic methods"")"
116,"(paper) AND (""writing assistant"") AND (""autocomplete capabilities"") AND (""conditioned on user intent"")"
117,"(study) AND (""data-augmentation"") AND (""biomedical named-entity recognition"") AND (""replacing entities"") AND (""semantically similar sentences"")"
118,"(study) AND (""cross project code summarization evaluation"") AND (""time-segmented eval methodology"")"
119,"(study) AND (""incorporating external commonsense knowledge"") AND (""conversational agents"") AND (""interpret user emotions"") AND (""refine their response formulation"")"
120,"(study) AND (""few-shot relation extraction challenges"") AND (""global and local attributes"") AND (""external descriptions of relations"")"
121,"(study) AND (""pre-trained multilingual text-to-text transformer"") AND (""text summarization tasks"")"
122,"(study) AND (""variational autoencoders"") AND (""standardize open knowledge graphs"")"
123,"(study) AND (""language models"" AND ""not robust"") AND (""surface form editing"") AND (""testing commonsense knowledge"")"
124,"(study) AND (""mitigating bias"") AND (""natural language understanding"") AND (""example reweighting"")"
125,"(study) AND (""improving multi-label text classification"") AND (""label distribution"") AND (""loss function"")"
126,"(study) AND (""difficulties in creating shared multilingual vocabularies"") AND (""over segmentation"") AND (""low-resource languages"")"
127,"(study) AND (""improvement of Chinese sequence labeling"") AND (BERT) AND (""lexical data"") AND (""character-to-word bilinear attention"")"
128,"(study) AND (""initializes embeddings"") AND (""multilingual transformer"") AND (""subwords common"") AND (""original vocabulary"") AND (""original embeddings"")"
129,"(study) AND (""employing graph neural networks"") AND (""replies"") AND (""multi-party conversational contexts"")"
130,"(study) AND (""employing prefix vectors"") AND (""conditional natural language generation"")"
131,"(study) AND (""enhancing prompt engineering techniques"") AND (""generative models"") AND (""meta-learning strategies"")"
132,"(study) AND (""enhancing token alignment"") AND (""speech processing"") AND (""inverse document frequency"")"
133,"(study) AND (""graph-based modeling of interactivity"") AND (""various modalities"") AND (""non-aligned multimodal sequential datasets"")"
134,"(study) AND (""guiding abstractive summarization"") AND (""assessing sentence informativeness"")"
135,"(study) AND (""subset with clean, annotated datasets"") AND (""improve denoising methods"")"
136,"(study) AND (""contrastive learning"") AND (""enhances sentence-level embeddings"") AND (""natural language processing"")"
137,"(study) AND (""integrating model quantization"") AND (""knowledge distillation"")"
138,"(study) AND (""incorporating a fact memory component"") AND (""neural networks"") AND (""improve language modeling"") AND (""without retraining"") AND (""without fine-tuning"")"
139,"(study) AND (""knowledge transfer"") AND (""structured databases"") AND (""unstructured data sources"") AND (""improving sophisticated question-answering systems"")"
140,"(study) AND (""representing entities in knowledge graphs"") AND (""intricate geometric shapes"") AND (""probabilistic analysis"") AND (""uncertainty modeling"")"
141,"(study) AND (""text generation from tabular data"") AND (""titles, column headings, and cell content"") AND (""numerical reasoning"")"
142,"(study) AND (""implementation of sparsity"") AND (""attention mechanisms"") AND (""extremely lengthy documents"")"
143,"(study) AND (""improvement of knowledge representation learning"") AND (""global context"") AND (""graph attention networks"")"
144,"(study) AND (""trainable prompts"") AND (""enhance parameter optimization"") AND (""machine learning models"")"
145,"(study) AND (""feedback-driven decoding"") AND (""producing mathematical proofs"") AND (""language models"")"
146,"(articles) AND (""role of late interaction"") AND (""dense retrieval systems"") AND (""performance of information retrieval"")"
147,"(research articles) AND (""contrastive learning methods"") AND (""improve sentence embedding efficacy"") AND (""natural language processing"")"
148,"(research papers) AND (""applying knowledge distillation"") AND (""information retrieval"") AND (""in-batch negatives"")"
149,"(research papers) AND (""Transformer-based architectures"") AND (""completing knowledge graphs"")"
150,"(research) AND (""prompt tuning"") AND (""improve generalizability"") AND (""pre-trained models"") AND (""avoiding catastrophic forgetting"")"
151,"(research) AND (""language learning models"" AND ChatGPT) AND (""creating reading comprehension tasks"") AND (""educational software"")"
152,"(research) AND (""large language models"" AND GPT-3) AND (""coreference resolution"") AND (""few-shot learning"")"
153,"(research) AND (""mitigate intersectional biases"") AND (""Transformer-based models"")"
154,"(research) AND (""relaxed l0 regularization"") AND (""structured pruning"") AND (""downsize language models"") AND (""transformer architectures"")"
155,"(research) AND (""performance decline"") AND (""various language models"" AND BLOOM) AND (""4-bit integer columnar weight-only quantization"")"
156,"(research) AND (""annotator's individual attributes"") AND (gender OR ethnicity OR ""political views"") AND (""judgment of content deemed offensive"")"
157,"(research) AND (""decoding strategies"" AND ""top-k"") AND (""hallucinatory in generated text"")"
158,"(research) AND (""multihead attention networks"") AND (""discern word interrelations"") AND (""news content"") AND (""detecting political perspectives"")"
159,"(research) AND (""optimized continuous prompts"") AND (""discrete prompts"") AND (""relational tasks"")"
160,"(research) AND (""syntactic configurations"") AND (""aspect-level sentiment analysis"") AND (""pretrained model"" AND RoBERTa)"
161,"(research) AND (""challenges faced by pre-trained language models"") AND (""learning inferential commonsense knowledge"") AND (""sparse context"")"
162,"(research) AND (""effect of example sequencing"") AND (""machine learning model efficacy"") AND (""few-shot learning"")"
163,"(research) AND (""loss of spatial information"") AND (""effectiveness of global features"") AND (""visual tasks"")"
164,"(research) AND (""identifying excess and insufficient translations"") AND (""evaluating machine translation"") AND (""resolving label discrepancies"") AND (""omitted content"")"
165,"(research) AND (""dual-phase method"") AND (""sentence paraphrasing"")"
166,"(research) AND (""improves knowledge base generation"") AND (""non-differentiable evaluation metrics"" AND (BLEU OR METEOR OR ""chrF++""))"
167,"(research) AND (""metric for assessing Text-to-Image synthesis"") AND (""semantic congruence"") AND (""visual quality"")"
168,"(research) AND (""conventional data augmentation methods"") AND (""removing words"" OR ""truncating sequences"") AND (""contrastive learning"") AND (""NLP applications"")"
169,"(research) AND (""generative modeling approaches"") AND (""event extraction"") AND (""large pre-trained language models"") AND (""reduce complexity of template engineering"")"
170,"(research) AND (""contrastive learning"") AND (""improving logical reasoning over text"")"
171,"(research) AND (""data augmentation"") AND (""improving logical reasoning over text"")"
172,"(research) AND (""merging speech and text modalities"") AND (""unified representation space"") AND (""encoder-decoder models"") AND (""processing spoken language"")"
173,"(research) AND (""fine-tuning generative language models"") AND (""parameter efficiency"") AND (""reduce computational demands"")"
174,"(research) AND (""creating counterfactual examples"") AND (""enhance question-answering systems"") AND (""T5 model augmented with retrieval"")"
175,"(research) AND (""enhancement of neural passage retrieval"") AND (""dual encoders"") AND (""generation of synthetic questions"")"
176,"(research) AND (""randomly removing words from sentences"") AND (""data augmentation strategy"") AND (""mitigate overfitting"") AND (""NLP models"")"
177,"(research) AND (""influence of cognitive biases"") AND (""human interpretation of AI-generated explanations"") AND (""explainable natural language processing"")"
178,"(research) AND (""autoencoder architectures"") AND (""generate e-commerce product descriptions"") AND (""integrating product titles, features, and supplementary descriptions"")"
179,"(research) AND (""enhancing the RoBERTa model"") AND (""event extraction"") AND (""Bi-LSTM"") AND (""CRF layer"")"
180,"(scholarly articles) AND (""refining language models"") AND (""exclusive modification of bias parameters"") AND (""linear components"")"
181,"(studies) AND (""hierarchical modeling of user interests"") AND (""tailoring news recommendation systems"")"
182,"(studies) AND (""analyzing and constructing models"") AND (""discourse organization"") AND (""multi-turn conversations"") AND (""multi-party conversations"") AND (""separating dialogues"")"
183,"(studies) AND (""fine-tuning pre-trained language models"") AND (""weakly supervised learning"") AND (""contrastive regularization"" OR ""self-training"")"
184,"(studies) AND (""popularity bias"") AND (""news recommendation engines"") AND (""distinguish between user interests and popularity"")"
185,"(studies) AND (""optimally select demonstrations"") AND (""few-shot in-context learning"")"
186,"(dataset) AND (""diverse, intricate natural language queries"") AND (""multi-step reasoning"") AND (""comparing attributes"") AND (""performing set operations"") AND (""answering questions from a knowledge base"") AND (""without entity linking"")"
187,"(dataset) AND (""question-answering frameworks"") AND (""temporal knowledge graphs"") AND (""broad coverage"")"
188,"(research article) AND (""generative methods for extracting information"") AND (""generation of surface forms"") AND (""labeling of entities"") AND (""classification of entity types"")"
189,"(study) AND (""transformer models"") AND (""feed-forward neural networks"") AND (""encode factual information"")"
190,"(study) AND (""evaluates cross-encoder BERT rankers"")"
191,"(study) AND (""contrastive learning"") AND (""unimodal representation learning"") AND (""sentence embeddings"")"
192,"(study) AND (""cohesive pre-training method"") AND (""code representation learning"") AND (""different modalities"")"
193,"(study) AND (""compression method"") AND (""merges product quantization"") AND (""integer quantization"") AND (""token-level retrieval"")"
194,"(study) AND (""data annotation paradigms"") AND (""assuage concerns in lack of annotator expertise"") AND (""using crowdsourcing"")"
195,"(study) AND (""beta distribution"") AND (""sample span sizes"") AND (""unsupervised learning frameworks"") AND (""text representation"")"
196,"(study) AND (""improved training methods"") AND (""dense passage retrieval"") AND (""open-domain question answering systems"")"
197,"(study) AND (""using prompts to fine-tune language models"") AND (""alternative viewpoint"") AND (""standard optimization and regularization"")"
198,"(study) AND (""multi-modal pre-training techniques"") AND (""improve comprehension of documents"") AND (""high visual content"")"
199,"(study) AND (""incorporation of human intervention"") AND (""generating adversarial examples"") AND (""attack conversational agents"") AND (""improving classifier efficacy"")"
200,"(study) AND (""high-parameter efficeint fine-tuning"") AND (""trains the bias terms"")"
201,"(comparative analysis OR review) AND (""pretrained transformer architectures"") AND (BERT) AND (""text ranking applications"")"
202,"(triplet-formatted structured dataset) AND (""training table-to-text generation models"")"
203,"(article) AND (""spatial information in documents"") AND (""multi-modal LMs"") AND (""spatially-aware attention mechanism"")"
204,"(datasets) AND (""benchmark LLM performance"") AND (""conversational continuity"") AND (""recall"") AND (""long multi-session conversations"")"
205,"(papers) AND (""conversational search"") AND (""retrieval"") AND (""conversational response ranking"")"
206,"(research) AND (""detecting common errors"") AND (""additions and omissions"") AND (""machine translation"")"
207,"(research) AND (""language models"" AND ""extended contextual information"") AND (""book dataset"" AND ""Project Gutenberg"")"
208,"(research) AND (""pinpointing sentence components"") AND (""hateful expressions"") AND (""sentence-level standardization"") AND (""content moderation"")"
209,"(research) AND (""multimodal annotation system"") AND (""analyzing dialogues"") AND (""video content"")"
210,"(research) AND (""coreference resolution"") AND (""dialogue summarization quality"")"
211,"(research) AND (""prompt tuning"") AND (""domain transfer"")"
212,"(research) AND (""prompt tuning efficacy"") AND (""language model training"") AND (""scaling"")"
213,"(research) AND (""strangers exchange information"") AND (""discussions"") AND (""kinds of information shared"") AND (""first encounters"")"
214,"(research) AND (""order of in-context examples"") AND (""efficacy of in-context learning"") AND (""language models"")"
215,"(research) AND (""language models"" AND ""creole languages"") AND (""Nigerian Pidgin"") AND (""linguistic relationship with English"")"
216,"(research) AND (""prompt tuning using soft embeddings"") AND (""pretrained language models"") AND (""downstream applications"") AND (""minimal finetuning"")"
217,"(research) AND (""structured pruning techniques"") AND (""small and precise models"") AND (""natural language processing"")"
218,"(research) AND (""specialized architecture"") AND (""pre-trained language models"") AND (""enhance text-to-SQL tasks"")"
219,"(research) AND (""challenges faced by neural networks"") AND (""discerning causation from correlation"")"
220,"(research) AND (""difficulties in employing weakly labeled datasets"") AND (""named entity recognition"") AND (""mitigate data noise"")"
221,"(research) AND (""starting language models with weights"") AND (""pretrained nondiffusion models"") AND (""convergence behavior"") AND (""diffusion losses"")"
222,"(research) AND (""pre-trained encoder-decoder architecture"") AND (""comprehending and generating code"") AND (""enhancing automated code repair systems"")"
223,"(research) AND (""independently sampled dropout masks"") AND (""generate positive pairs"") AND (""contrastive learning"") AND (""sentence embeddings"")"
224,"(research) AND (""generating synthetic labels"") AND (""vast text collection"") AND (""pre-train models"") AND (""few-shot learning applications"")"
225,"(research) AND (""drawbacks of dense retrieval systems"") AND (""large-scale indices"")"
226,"(research) AND (""training soft prompts"") AND (""identifying fixed prompts"") AND (""prompt tuning"")"
227,"(research) AND (""improvement of Recurrent Neural Network Transducers"") AND (""integration of cross-attention mechanisms"") AND (""simultaneous translation"")"
228,"(research) AND (""online community dataset"") AND (""machine learning models"") AND (""hate speech identification"")"
229,"(research) AND (""clustering-based efficient attention mechanism"") AND (""Transformer models"")"
230,"(research) AND (""dictionary definitions"" AND ""word embedding models"") AND (""multiple languages"") AND (comparison)"
231,"(research) AND (""combinatorial optimization techniques"") AND (""unsupervised entity matching"")"
232,"(research) AND (""aspect-based sentiment analysis"") AND (""different languages"") AND (""code-switching of aspect terms"")"
233,"(research) AND (""efficient finetuning methods"") AND (""trains very very few parameters"") AND (""language models"")"
234,"(research) AND (""graph attention techniques"") AND (""integrating multiple modalities"") AND (""identifying emotions"")"
235,"(research) AND (""enhancing zero-shot question answering"") AND (""prompts from language models"") AND (""integrated with knowledge graph data"")"
236,"(research) AND (""expanding keyword collections"") AND (""embedding similarity"") AND (""weakly-supervised document categorization"")"
237,"(research) AND (""graph-based methods"") AND (""predicting connections in knowledge graphs"") AND (""n-ary relational facts"")"
238,"(research) AND (""cross-attention mechanisms"") AND (""improve the interplay"") AND (""token and syntax data"") AND (""automated program repair systems"")"
239,"(research) AND (""hierarchical structures within transformers"") AND (""enhance task-oriented dialogue systems"")"
240,"(research) AND (""how many evidence sentences"") AND (""document-level RE"")"
241,"(research) AND (""neural language models' forecasts"") AND (""human linguistic processing"") AND (""syntactic surprisal"")"
242,"(research) AND (""undetectable backdoor attacks"") AND (""NLP models"")"
243,"(research) AND (""improving retrieval-based conversational systems"") AND (""masked language modeling"") AND (""relevance classification objectives"")"
244,"(research) AND (""use of past dialogues"") AND (""enhancing query expansion"") AND (""conversational search systems"")"
245,"(research) AND (""training BERT-based classifiers"") AND (""Wikipedia data"") AND (""zero-shot text classification"") AND (""open domains"")"
246,"(research) AND (""in-depth examination of the shortcomings"") AND (""pretraining evaluation measures"" AND BERTScore) AND (""alignment with human evaluative assessments"")"
247,"(research) AND (""multilingual language models"") AND (""understand plural/singular verb agreement"") AND (""multiple languages"")"
248,"(research) AND (""trains language models"") AND (""mental health-related social media data"") AND (""identifying mental health issues"")"
249,"(research) AND (""interpret how bi-directional RNNs"") AND (""Named Entity Recognition tasks"")"
250,"(work) AND (""multimodal models"") AND (""contrastive learning approaches"")"
251,"(studies) AND (""emotion-classification"") AND (""group dialogues"")"
252,"(research) AND (""other off-the-shelf summarization techniques"") AND (""improve neural abstractive summarization"")"
253,"(research) AND (""mitigate overfitting"") AND (""weakly-supervised settings"") AND (""adversarial framework"") AND (""labeling function as a hyperparameter"")"
254,"(study) AND (""zero-shot extraction"") AND (""persona characteristics"") AND (""conversational dialogues"")"
255,"(research) AND (""multiple models"") AND (""learn the preferences of individual annotators"") AND (""ensembles these models"") AND (""majority-vote preference scores"") AND (""uncertainty measure"")"
256,"(work) AND (""improves integrated gradients"") AND (""leveraging interpolation strategies"") AND (""improve gradient accuracies"")"
257,"(new metrics) AND (""assess the factual alignment"") AND (""machine-generated summaries"") AND (""original source texts"")"
258,"(papers) AND (""address the background-shift problem"") AND (""named entity recognition"") AND (""identifying non-entity type tokens"") AND (""knowledge distillation from an old model"")"
259,"(recent publications) AND (""neural network methods"" AND ""transformer architectures"") AND (""creating novel readability metrics"")"
260,"(research efforts) AND (""gather dialogue data via crowdworkers"") AND (""enhance conversational information retrieval systems"")"
261,"(research papers) AND (""models for representing sentences"") AND (""under-resourced languages"" AND (Slovenian OR Romanian))"
262,"(research papers) AND (""collected feedback from real users"") AND (""using LLMs for scientific writing"")"
263,"(research papers) AND (""critically analyzed the performance speed"") AND (""non-autoregressive translation models"") AND (""autoregressive models"")"
264,"(research papers) AND (""efficacy of multilingual text-to-text transformers"") AND (""various languages"") AND (""less represented in pretraining corpora"")"
265,"(research papers) AND (""using language models for providing evidence"") AND (""fact-checking systems"") AND (""risks propagating biases"")"
266,"(research papers) AND (""improve BERT's efficiency"") AND (""long-text tasks"") AND (""early exiting"" OR ""self-distillation strategies"")"
267,"(research papers) AND (""dedicated pre-training architecture"") AND (""improve dense retrieval system efficacy"")"
268,"(research papers) AND (""human capacity to distinguish"") AND (""AI-generated text"") AND (""human-authored text"")"
269,"(research papers) AND (""creation of datasets through model-generated data"") AND (""annotators to identify hallucinations"") AND (""developing diagnostic evaluation datasets"")"
270,"(research papers) AND (""summarizing arbitrary length documents"") AND (""without truncating the input"") AND (""memory networks"")"
271,"(research papers) AND (""automatically choosing in-context examples"")"
272,"(research papers) AND (""create conversational agents"") AND (""inner states represented by a knowledge graph"") AND (""continually updated"") AND (""based on the agent’s environment"")"
273,"(studies) AND (""creation of memory management systems"") AND (AI) AND (""improve sustained conversational capabilities"") AND (""contextual retention over extended periods"")"
274,"(advancements) AND (""language models"" AND ""without tokenization"") AND (""encoding at the character level"") AND (""benefits compared to subword tokenization"")"
275,"(dataset) AND (""toxic sentence pairs"") AND (""non-toxic paraphrased counterparts"") AND (""studying text detoxification"")"
276,"(""SQL-to-text"") AND (""improve text-to-SQL parsing"") AND (""data augmentation techniques"")"
277,"(""dense retrieval models"") AND (""open-domain question answering"") AND (""hard negative mining techniques"")"
278,"(works) AND (""learning embeddings"") AND (""inputted to every transformer layer"") AND (""language model"")"
279,"(multi-hop question answering) AND (paper) AND (""per-hop retrieval evaluation"") AND (""treats each hop independently"")"
280,"(""adatp named entity recognition systems"") AND (""learn new entities"") AND (""knowledge distillation"") AND (""synthetic data augmentation"") AND (""two-stage training approach"")"
281,"(benchmark) AND (""assess language models' social biases"") AND (""question answering frameworks"") AND (""diverse categories of social bias"") AND (""instances of ambiguity and its resolution"")"
282,"(comprehensive dataset) AND (""summarizing broad-spectrum conversational dialogues"")"
283,"(dataset) AND (""open-domain targeted sentiment analysis"") AND (""user reviews"") AND (Yelp OR Amazon)"
284,"(dataset) AND (""question-answer pairs"") AND (""psychological counseling"") AND (""available for research"")"
285,"(research paper) AND (""customer service conversation dataset"") AND (""forecasting customer intentions"") AND (""limitations imposed by agent protocols"")"
286,"(specialized question answering dataset) AND (""intricate tables"") AND (""certain sectors"" AND ""airline industry"")"
287,"(study) AND (""large language models"") AND (""generating ideas pertinent to scientific concepts"") AND (""scientific writing ideation stage"")"
288,"(paper) AND (""fine-tuning mBERT"") AND (""enhance word-level alignment"") AND (""multilingual setting"")"
289,"(research) AND (""Transformer decoders"") AND (""extract interactive shared representations"") AND (CNN networks) AND (""clinical notes"")"
290,"(research) AND (""multilingual pre-trained models"") AND (""identical sets of neural units"") AND (""encode morphosyntactic features"") AND (""various languages"")"
291,"(research) AND (""specialized language model"") AND (""detect mental health issues"") AND (""social media platforms"")"
292,"(research) AND (""transparency and open-access"") AND (""training data of LLMs"") AND (""importance with case studies"") AND (""existing data"")"
293,"(research) AND (""embedding multi-bit data"") AND (""watermarks"") AND (""improve resilience to text corruption"") AND (""safeguarding keywords and syntactic elements"")"
294,"(work) AND (""text classification"") AND (BERT) AND (GNN) AND (""label hierarchy"")"
295,"(approaches) AND (""lower the computational demands"") AND (""basic attention mechanisms"") AND (""transformers"") AND (study) AND (""memory-saving technique"") AND (""selective key-value pairing"") AND (""each query"")"
296,"(scholarly articles) AND (""scaling laws"") AND (""parameter-efficient prompt tuning techniques"") AND (""fine-tuning language models"")"
297,"(scholarly articles) AND (""enhancement of dense retrieval"") AND (""student models"") AND (""prediction distributions from teacher models"")"
298,"(studies) AND (""data-poisoning strategies"") AND (""very few poisoned training examples"")"
299,"(latest advancements) AND (""predicting suicidal tendencies"") AND (""innovative feature extraction methods"")"
300,"(latest developments) AND (""conversational agents"") AND (""integrate external knowledge sources"") AND (""offer emotional support"")"
301,"(benchmarks) AND (""prior research utilized"") AND (""assess models"") AND (""knowledge-rich language tasks"")"
302,"(concerns OR key points) AND (""scholarly articles"") AND (""random divisions in machine learning datasets"") AND (""contamination of the test set"")"
303,"(difficulties) AND (""neural conversational models"") AND (""decoder's ability"") AND (""precise and fact-based replies"")"
304,"(literature) AND (""training semantic parsers"") AND (""deep learning"") AND (""knowledge base question answering"") AND (""tree-structured representations of queries"")"
305,"(methods) AND (""tailoring news suggestions"") AND (""user's preferences"") AND (""current popularity of news stories"")"
306,"(papers) AND (""effect of false negatives"") AND (""hard negatives"") AND (""dense retriever training"")"
307,"(papers) AND (""replacing schema linking"") AND (""human annotations"") AND (""maximum potential benefit"") AND (""text-to-SQL tasks"")"
308,"(recent developments) AND (""transformer architecture"") AND (""multi-head self-attention mechanism"") AND (""transmission of unprocessed attention scores"") AND (""more stable training"")"
309,"(recent research) AND (""improving few-shot learning"") AND (""pre-trained language models"") AND (""prompt-based fine tuning techniques"")"
310,"(research articles) AND (""quantitatively assessing"") AND (""successful neuron interventions"") AND (""altering a model's predictions"")"
311,"(research) AND (""adapter-based tuning"") AND (""full fine-tuning efficacy"") AND (""limited data contexts"") AND (comparison)"
312,"(research) AND (""employing generative models"") AND (""latent variable"") AND (""capture semantic dependencies"") AND (""conversational systems"")"
313,"(research) AND (""incorporating knowledge graphs"") AND (""language models"") AND (""improve complex question-answering"")"
314,"(research) AND (""leveraging syntactic roles"") AND (""semantic interpretations"") AND (""backdoor attacks"") AND (""natural language processing systems"")"
315,"(research) AND (""impact of scaling"") AND (""prompt tuning efficiency"") AND (""pre-trained language models"")"
316,"(research) AND (""using reinforcement learning methods"") AND (""event prediction"") AND (""temporal knowledge graphs"")"
317,"(research) AND (""applying contrastive techniques"") AND (""distinguish normal from abnormal imagery"") AND (""creation of radiology reports"")"
318,"(research) AND (""creating neural network frameworks"") AND (""parsing text into SQL"")"
319,"(research) AND (""determining the ideal segment length"") AND (""unsupervised keyphrase extraction"")"
320,"(research) AND (""enhancing conversational generation models"") AND (""knowledge sourced from the internet"")"
321,"(research) AND (""incorporating visual data"") AND (""text summarization process"")"
322,"(research) AND (""news recommendation engines"") AND (""individual user preferences"") AND (""time-sensitive popularity of news content"")"
323,"(research) AND (""scaling within-document coreference resolution"") AND (""extended texts"")"
324,"(research) AND (""impact of intervening at intermediate layers"") AND (""pretrained language models"") AND (""alter the resulting text"")"
325,"(research) AND (""acquiring sentence embeddings"") AND (""unsupervised approaches"") AND (""contrastive learning methods"")"
326,"(research) AND (""hybrid approaches"") AND (""combine extractive and abstractive methods"") AND (""summarizing extensive texts"")"
327,"(research) AND (""using prefix tokens"") AND (""parameter-efficient method"") AND (""fine-tuning language models"")"
328,"(research) AND (""application of continuous vector prompts"") AND (""language models"") AND (""conventional discrete token-level prompts"")"
329,"(resources OR toolkits) AND (""facilitate prompt-based learning model development"") AND (PyTorch)"
330,"(sources) AND (""maintaining factual accuracy"") AND (""entity level"") AND (""abstractive summary generation"")"
331,"(techniques AND frameworks) AND (""summarizing extensive texts"") AND (""resource-constrained conditions"")"
332,"(techniques) AND (""efficiently fine-tuning transformer language models"") AND (""adjusting a limited set of parameters"")"
333,"(techniques) AND (""incorporating context"") AND (""detecting emotions within dialogues"") AND (""leveraging pre-trained language models"")"
334,"(techniques) AND (""enhance the few-shot fine-tuning performance"") AND (""small pre-trained language models"")"
335,"(techniques) AND (""enhance multimodal sentiment analysis"") AND (""fusing different modalities"")"
336,"(database) AND (""good prompts"") AND (""prompting language models"") AND (""in-context learning"")"
337,"(read about) AND (""using soft embeddings"") AND (""elicit knowledge"") AND (""large pre-trained models"") AND (""small tuning cost"")"
338,"(method) AND (""training additional prompt tokens"") AND (""every layer"") AND (""fine-tuning of language models"") AND (""generation tasks"")"
339,"(paper) AND (""thorough analysis"") AND (""language models of different architectures"") AND (""generate text"") AND (""aligns with natural human language"") OR (""deviates from natural human language"")"
340,"(paper) AND (""introduced the task"") AND (""creating extended, coherent dialogues"") AND (""brief summaries"")"
341,"(paper) AND (""presents a platform"") AND (""evaluating the robustness of models"") AND (""benchmarks"")"
342,"(paper) AND (""generated captions of models"") AND (""worse than human written ones"")"
343,"(paper) AND (""human experts and non-experts focus on very different aspects"") AND (""identifying AI-generated texts"")"
344,"(work) AND (""sparse attention modules"") AND (""evaluate specifically on summarization"")"
345,"(work) AND (""pushes the limit of model quantization"") AND (""BERT models"") AND (""ternary network"")"
346,"(work) AND (""only emplying instance-level uncertainty metrics"") AND (""sample redundancy"") AND (""active learning"")"
347,"(work) AND (""reducing the number of training epochs"") AND (""limits the impact of backdoor attack"") AND (""decreases the prediction accuracy"")"
348,"(work) AND (""machine translation models might get too confident"") AND (""generate coherent but inadequant translations"")"
349,"(works) AND (""training large language models"") AND (""purely mathematical and structural data"") AND (""emergence of causal reasoning faster"")"
350,"(research) AND (""transfer of specialized knowledge"") AND (""various ABSA tasks"") AND (""trained under the same paradigm"")"
351,"(examples) AND (""dense phrase retrieval systems"") AND (""automatic curation of entity dictionaries"")"
352,"(large-scale and open-source text simplification datasets) AND (""long passages"")"
353,"(papers) AND (""build dense retrievers"") AND (""mixture-of-experts architecture"") AND (""each expert is responsible for different types of queries"")"
354,"(dataset paper) AND (""relation extraction performance"") AND (""translated data"") AND (""compare it to English data"")"
355,"(NLP paper) AND (""dialogue generation"") AND (""advancements in the augmentation"") AND (""one-to-many dialogue data"" OR ""one-to-one dialogue data"") AND (""augmentation within the semantic space"")"
356,"(paper) AND (""circumvent a single-truth target"") AND (""training generative language models"")"
357,"(""achieve zero-shot lip reading"")"
358,"(""better attract readers to news articles"") AND (""generating personalized headlines"")"
359,"(""faithfully and explicitly measure the helpfulness"") AND (""human explanations to language models"") AND (""during finetuning and inference"")"
360,"(work) AND (""train (or evaluate) a helpful assistant agent"") AND (""converse with humans"") AND (""humans traverse an environment"") AND (""most suitable resource"")"
361,"(paper) AND (""multimodal (multilingual) abstractive summarization"") AND (""target-oriented vision modeling method"") AND (""improve the quality of summaries"")"
362,"(Chinese hate speech paper) AND (""constructs an insulting lexicon"") AND (""building the dataset"")"
363,"(dataset) AND (""perform aspect-based sentiment classification"") AND (""French news"")"
364,"(decoder-only language model) AND (""does not use a tokenizer"") AND (""operates on raw text bytes"")"
365,"(dialogue dataset) AND (""speaker's utterance is grounded in their persona"") AND (""image-text pairs representing episodic memories"")"
366,"(method) AND (""measuring the critical errors"") AND (""dialogue system makes in its responses"")"
367,"(method) AND (""measures the information provided"") AND (""model generated rationale"") AND (""beyond what the original context provided"")"
368,"(paper) AND (""comparing knowledge distillation and human annotation"") AND (""cost efficiency"")"
369,"(paper) AND (""exploring the curse of multilinguality"") AND (""similar languages"")"
370,"(paper) AND (""applies large language models"") AND (""visual Raven’s Progressive Matrices"")"
371,"(paper) AND (""connects the basic elements of storytelling"") AND (""biased or imbalanced media reporting"")"
372,"(paper) AND (""links exposure bias to distillation"")"
373,"(paper) AND (""language models' error distribution is different for unfamiliar entities"") AND (""not apparent when models are evaluated on familiar entities alone"")"
374,"(paper) AND (""supports the use of automated coherence metrics"") AND (""topic model evaluations"")"
375,"(paper) AND (""Explainable AI techniques"") AND (""investigate how language models represent the expression of morality"")"
376,"(paper) AND (""uses an app for a popular tabletop game"") AND (""gather real transcripts of gameplay"") AND (""concrete values for players' and monsters' health"")"
377,"(paper) AND (""uses evolutionary algorithms"") AND (""neural MT metrics"") AND (""produce translations"")"
378,"(paper) AND (""uses similarity scores"") AND (""check knowledge in diffusion models"")"
379,"(paper) AND (""uses the tree structure of math equations"") AND (""autoregressive language models"")"
380,"(paper) AND (""utilizes the characteristics of human evolutionary knowledge"") AND (""guide language models"") AND (""generating scientific ideas"")"
381,"(study) AND (""help the demonstration retriever better integrate feedback from LLMs"")"
382,"(tool) AND (""automatically segment speech"") AND (""corresponding text transcriptions"") AND (""finer grained alignment"")"
383,"(evaluation metric) AND (""natural language generation"") AND (""predicts the factual consistency score"") AND (""mean-max aggregation method"")"
384,"(dataset) AND (""minimally-contrasting social situations"") AND (""different decisions about appropriate behaviors"")"
385,"(paper) AND (""style transfer for stories"")"
386,"(paper) AND (""exploring real speakers"") AND (""performing multimodal emotion recognition task"")"
387,"(paper) AND (""leverages knowledge distillation of language models"") AND (""textual out-of-distribution detection"") OR (""anomaly detection"")"
388,"(paper) AND (""address attacks on code models"") AND (""leveraging the semantic information"") AND (""attention scores"") AND (""guaranteeing compilation"")"
389,"(paper) AND (""aligns speech and text embeddings better than CTC training"")"
390,"(paper) AND (""applies curriculum learning"") AND (""various NLG tasks"") AND (""without depending on specific metrics"")"
391,"(paper) AND (""applies symbolic distillation"") AND (""black-box generalist language models"") AND (""harvest high-quality counterfactual data"") AND (""out-of-distribution generalization"")"
392,"(paper) AND (""attempts to evaluate the similarity of meaning representations"") AND (""without using annotated data"")"
393,"(paper) AND (""automatically creates a dataset"") AND (""summarizing text from one language to another"") AND (""large collection of languages"")"
394,"(paper) AND (""combines causal inference and finetuning"") AND (""language models"")"
395,"(paper) AND (""constructs augmented training data"") AND (""based on the entity-to-entity correlations"")"
396,"(paper) AND (""employs code LLMs"") AND (""iteratively generate and refine code"") AND (""execution results"") AND (""improve the performance"")"
397,"(paper) AND (""explores and annotates the effectiveness"") AND (""using testimonials or anecdotes"") AND (""discussions"")"
398,"(paper) AND (""explores using only an encoder-only masked language model"") AND (""open-ended long text generation"" AND ""story generation"")"
399,"(paper) AND (""investigates backdoor attacks"") AND (""various types of tasks"") AND (""not limited to classification"") AND (""language models"")"
400,"(paper) AND (""graph neural network"") AND (""integrating label information"") AND (""multi-label low-resource intent classification"")"
401,"(paper) AND (""syntactic rules"") AND (""explicitly guide text generation"")"
402,"(paper) AND (""adversarial training"") AND (""frame level"") AND (""audio-visual representation learning"")"
403,"(paper) AND (""new multimodal video dataset"") AND (""image-level multimodal models do not work well"")"
404,"(paper) AND (""set of criteria"") AND (""comprehensively evaluate generated conversations"")"
405,"(paper) AND (""annotation problems"") AND (""cross-lingual summarization"") AND (""decomposing the task"") AND (""translation and summarization"")"
406,"(paper) AND (""teacher AI inferring mental states"") AND (""student role"") AND (""role-playing game setup"") AND (""reinforcement learning"")"
407,"(paper) AND (""investigate LLMs’ capabilities"") AND (""solving elliptical constructions"") AND (""test-dataset"") AND (""psycolinguistic notion of Thematic Fit"")"
408,"(paper) AND (""data collected from the Dark Web"") AND (""onion domains"") AND (""pretrain a language model"")"
409,"(paper) AND (""prompt tuning"") AND (""multi-answer QA"")"
410,"(paper) AND (""token-level loss"") AND (""enhance sentence-level embedding learning"")"
411,"(paper) AND (""Gaussian processes"") AND (""analyze the vulnerability"") AND (""text-conditioned generative models"")"
412,"(paper) AND (""graph structure"") AND (""model conversation history"")"
413,"(paper) AND (""masked language modeling"") AND (""defend against word-level adversarial attacks"")"
414,"(research paper) AND (""extract attributes"") AND (""predefined label set"") AND (""surrounding context"")"
415,"(work) AND (""large numbers of model outputs"") AND (""encoded and compared"") AND (""causal language models"") AND (""single forward pass"")"
416,"(work) AND (""attacks language models"") AND (""dialogue generation"")"
417,"(works) AND (""achieve balance"") AND (""representativeness and diversity"") AND (""chosen samples"") AND (""few-shot data selection"")"
418,"(""commonsense reasoning dataset"") AND (""generates diverse sentences"") AND (""describe the relation between concepts"")"
419,"(""factuality evaluation dataset"") AND (""evaluate fact-checking models"") AND (""summaries generated by latest summarization models"")"
420,"(""reading comprehension dataset"") AND (""understanding a snippet"") AND (""long story book"") AND (""integrate the necessary long history texts"")"
421,"(paper) AND (""learn a dynamic sequence tokenizer"") AND (""standard gradient backpropagation"")"
422,"(""data-efficient ways"") AND (""learn text embeddings"") AND (""contrastive learning"")"
423,"(methods) AND (""solving the class-incremetal continual learning problems"")"
424,"(""large event-coverage general-domain event argument extraction dataset"")"
425,"(""first paper"") AND (""predicting knowledge graphs"") AND (""nodes, links and attributes change with time"")"
426,"(""performance of large language models"") AND (""text summarization"") AND (""reference-based human evaluations"") AND (""reference-free human evaluations"")"
427,"(""limitations"") AND (""large language models"") AND (""evaluating information-seeking question answering"")"
428,"(paper) AND (""compares humans' and language models'"") AND (""non-literal interpretations"") AND (""deceit, irony, and humor"")"
429,"(work) AND (""explore multi-hop reasoning"") AND (""densifying commonsense knowledge graphs"")"
430,"(article) AND (""first proposed shuffled-group-whitening"") AND (""sentence representation learning"")"
431,"(dataset) AND (""supports narration generation"") AND (""temporal localization tasks"") AND (""Chinese movies"")"
432,"(""family of model"") AND (""generally perform the best"") AND (""event conceptualization task"")"
433,"(""first multimodal model"") AND (""combining text and speech transformers"") AND (""trained without labelled text-speech pairs"")"
434,"(""knowledge graph completion method"") AND (""reducing memory usage"") AND (""pruning features"")"
435,"(""language model distillation paper"") AND (""first identified the capacity gap"") AND (""MoE student model"") AND (""counter the curse of capacity gap"")"
436,"(""numerical reasoning paper"") AND (""first published a dataset"") AND (""different types of size of numbers"") AND (""their representations in arithmetic questions"")"
437,"(paper) AND (""parameter-efficient finetuning"") AND (""first proposes to feed the pretrained weight"") AND (""instead of the activation to an adapter"")"
438,"(paper) AND (""combines the advantages of different frameworks"") AND (""grammar error correction"") AND (""achieves good performance"")"
439,"(paper) AND (""comprehensive survey"") AND (""code large language model"")"
440,"(paper) AND (""employs a two-stage approach"") AND (""generative models"") AND (""tackle ABSA tasks"") AND (""various domains"")"
441,"(paper) AND (""enables interactive semantic parsing"") AND (""training an error correction model"") AND (""simulated human feedback"") AND (""instead of human annotations"")"
442,"(paper) AND (""explored training a GPT-2"") AND (""automatic diagnosis"") AND (""efficient data augmentation"") AND (""symptom prediction and disease identification"")"
443,"(paper) AND (""first aggregates statements"") AND (""represent political actors"") AND (""learns the mapping from languages to representation"") AND (""via pre-training"")"
444,"(paper) AND (""first applied the chain-of-thought technique"") AND (""text summarization field"")"
445,"(paper) AND (""first apply mixture of experts idea"") AND (""large language models"") AND (""domain adaptation"")"
446,"(paper) AND (""first attempts to take potential dependencies"") AND (""same-level labels"") AND (""Hierarchical Text Classification"")"
447,"(paper) AND (""first combines different methods"") AND (""uncertainty quantification"") AND (""in one"")"
448,"(paper) AND (""first combines rewriting and expansion methods"") AND (""reformulate a query"") AND (""conversational search"")"
449,"(paper) AND (""first conducted the positioned error test"") AND (""MAUVE metric"")"
450,"(paper) AND (""first construct large-scale corpus"") AND (""improve in-context learning"") AND (""large language models"") AND (""pre-training stage"")"
451,"(paper) AND (""first constructed a structured knowledge base"") AND (""interconnect different human social roles and attributes"")"
452,"(paper) AND (""first explored In-context learning"") AND (""cross lingual setup"") AND (""made use of alignment"") AND (""better it's performance"")"
453,"(paper) AND (""first found that multilingual models can inference cross-lingual supervision"") AND (""MLM training"") AND (""by themself"")"
454,"(paper) AND (""first introduced document content"") AND (""intermediate generation target"") AND (""utilized textual document identifiers"") AND (""generative retrieval"")"
455,"(paper) AND (""first propose to mask positions"") AND (""pre-train multi-modal document transformer"")"
456,"(paper) AND (""first proposed a cross-domain language model"") AND (""automatically generate much labeled data"") AND (""unlabeled target domain"")"
457,"(paper) AND (""first proposed extracting the pair of target and stance"") AND (""from sentences"")"
458,"(paper) AND (""first proposed shared adapter module"") AND (""across layers"")"
459,"(paper) AND (""first proposed to combine pretrained masked language models"") AND (""discrete diffusion language models"")"
460,"(paper) AND (""first proposed to only update some original weights"") AND (""self-attention layers"") AND (""parameter-efficient fine-tuning"")"
461,"(paper) AND (""first published a real-world Chinese-English text image translation dataset"")"
462,"(paper) AND (""first shows that it is possible to maintain high LLM reasoning performance"") AND (""in-context examples that are absurdly wrong"")"
463,"(paper) AND (""first shows that large language models can be prompted to act like professional annotators"") AND (""evaluate text generation quality"")"
464,"(paper) AND (""first studied the efficiency robustness"") AND (""multi-exit language models"")"
465,"(paper) AND (""first use the attention weights"") AND (""guide the simultaneous inference"") AND (""speech translation models"")"
466,"(paper) AND (""first used structural information"") AND (""coherence modeling"")"
467,"(paper) AND (""found that mutual learning benefits multlingual models"")"
468,"(paper) AND (""highlights the need for leveraging all available resources"") AND (""construct NLP data"") AND (""low-resource languages"")"
469,"(paper) AND (""introduce a DRO like training objective"") AND (""adversarial training"") AND (""without constructing adversarial samples"")"
470,"(paper) AND (""introduced the human-evaluated timeliness metric"") AND (""misinformation detection"")"
471,"(paper) AND (""introduces the R-GCN technique"") AND (""document-level joint entity and relation extraction"")"
472,"(paper) AND (""investigates the influence of the diversity of source tasks"") AND (""performance of target tasks"") AND (""prompt tuning using CrossFit"")"
473,"(paper) AND (""among the earliest to train"") AND (""extensive collection of signing video and subtitle pairs"") AND (""online platforms"")"
474,"(paper) AND (""the first to comprehensively review"") AND (""progress of deep learning"") AND (""mathematical reasoning"")"
475,"(paper) AND (""makes sure that the questions used in the paper are all from real users"") AND (""genuinely curious"")"
476,"(paper) AND (""measured how well the source-translation contribution"") AND (""translation model"") AND (""detect its own hallucinations"")"
477,"(paper) AND (""presents an easy to implement and high performing method"") AND (""OOD detection"") AND (""language models"")"
478,"(paper) AND (""produces a dataset for text simplification"") AND (""over 12 languages"") AND (""evaluates both finetuning and in context learning approaches"")"
479,"(paper) AND (""proposed a learning-based data augmentation method"") AND (""improving compositional generalization"") AND (""language models"")"
480,"(paper) AND (""proposed decomposing the logit update"") AND (""attention blocks’ inputs"") AND (""analyze how the context influences the prediction"")"
481,"(paper) AND (""proposed dictionary-based Bayesian inference"") AND (""improve the performance"") AND (""image text matching model"")"
482,"(paper) AND (""proposed the integration of human translators' considerations"") AND (""machine translation models"") AND (""translating lyrics"")"
483,"(paper) AND (""proposes a memory-efficient optimizer"") AND (""considering the confidence of each update"")"
484,"(paper) AND (""proposes the two-stage training method"") AND (""train an open-domain dialogue evaluator"") AND (""self-collected dataset"")"
485,"(paper) AND (""proposes to use rewriting based approaches"") AND (""defending against adversarial attacks"") AND (""text classification"")"
486,"(paper) AND (""showed that social relationships were helpful"") AND (""identifying inappropriate messages"")"
487,"(paper) AND (""shows assessment of training instabilities"") AND (""different levels"") AND (""language models"")"
488,"(paper) AND (""shows that in instruction tuning, the instructions can be compressed"") AND (""small supporting sets of words"")"
489,"(paper) AND (""studies how current retrieval systems handle queries"") AND (""contain multiple constraints"")"
490,"(paper) AND (""studies the concept of enhancing the coverage"") AND (""selective prediction system"") AND (""re-attempting the questions"") AND (""not sufficiently confident"")"
491,"(paper) AND (""surveyed the datasets and tasks"") AND (""asking clarification questions"") AND (""conversational systems"")"
492,"(paper) AND (""used both automatically generated and manual templates"") AND (""adapt language models"") AND (""from one timestamp to another"")"
493,"(paper) AND (""utilizes language models to generate singable lyrics"") AND (""go well with a predefined melody"")"
494,"(paper) AND (""was the first to propose combining human spoken language and sign language datasets"") AND (""enhance the performance of sign language translation"")"
495,"(papers) AND (""develop methods"") AND (""make in-context learning more computationally efficient"")"
496,"(papers) AND (""among the first to explore"") AND (""targeted training data extraction"")"
497,"(""pre-trained model"") AND (""specifically designed"") AND (""low-resource dialogue summarization tasks"")"
498,"(research paper) AND (""leverages event structure information"") AND (""Abstract Meaning Representation graphs"") AND (""aid in recognizing causal relations between events"")"
499,"(vision-language model) AND (""visual grounding could facilitate efficient language acquisition"") AND OctoBERT"
500,(vision-language model paper) AND (2023) AND (techniques) AND (reduce input tokens) AND (improve model inference speed)
501,"(first paper) AND (online adaptation) AND (""neural MT metrics"") AND (""inference stage"")"
502,"(work) AND (analysis) AND (""source and target contributions"") AND (""output generation"") AND (""local interpretation"") AND (""machine translation models"" AND ""hallucinations"")"
503,"(work) AND (approach) AND (""improve candidate responses"") AND (""smart reply task"") AND (""directly optimizing the metric"") AND (""response is selected by the user"")"
504,"(""first paper"") AND (""handle KBQA"") AND (""LLMs"") AND (""without fine-tuning"")"
505,"(paper) AND (""first focuses on addressing the over-smoothing issue"") AND (""sentence embedding"")"
506,"(""reduce visual tokens"") AND (""vision transformers"") AND (""right from the beginning"")"
507,"(""learn to represent an image"") AND (""arbitary numbers of tokens"")"
508,"(papers) AND (""construct convolutional networks"") AND (""equivariant with respect to non-compact/non-abelian Lie groups"")"
509,"(papers) AND (""study whether you can identify"") AND (""LLM has been instructed to hide some information"")"
510,"(papers) AND (""world model"") AND (""planning"") AND (""ensure that decisions meet constraints"")"
511,"(datasets and benchmarks) AND (""measuring LLM graph reasoning abilities"")"
512,"(""sequential learning guarantees"") AND (""configuring a linear system solver"") AND (""distributional assumption"") AND (""systems' target vectors"")"
513,"(""find the solution"") AND (""Bilevel optimization"") AND (""lower-level problem is nonconvex"")"
514,"(""find a dataset"") AND (""LLM-based evaluation may not be reliable enough"")"
515,"(""research paper"") AND (""structured pruning techniques"") AND (""scale down language models"") AND (""original model"" AND ""billions of parameters"")"
516,"(""Local SGD"") AND (""decaying learning rate"") AND (""distributed training"") AND (paper) AND (""setting the synchronization period"") AND (""optimize test accuracy"")"
517,"(video diffusion models) AND (paper) AND (""decomposing video instruction"") AND (""sub instructions of different time"")"
518,"(paper) AND (""illustrating that pre-trained transformers from LLMs"") AND (""encode visual information"") AND (""wide range of scenarios"")"
519,"(paper) AND (""mixed machine learning and solver based approach"") AND (""code translation"")"
520,"(paper) AND (""Bayesian optimization"") AND (""modular continual learning"")"
521,"(paper) AND (""general data selection method"") AND (""based on information theory"")"
522,"(""parameter-efficient fine-tuning method"") AND (""adjusting the number of optimized parameters to any value"") AND (""irrespective of the model's architecture"") AND (""choice of the adapter"")"
523,"(""single GNN model"" AND ""inductively generalize to any knowledge graph"") OR (""generalize knowledge graph reasoning"" AND ""graphs with new entities and relations"") OR (""foundation model for knowledge graphs"" AND ""does not learn embeddings for each node and relation type"")"
524,"(""theory paper"") AND (""tuning momentum does not boost performance"") AND (""training a neural network"")"
525,"(""existing dataset of images with alt-text"") AND (""includes the text the image was originally posted with"")"
526,"(""generalizable NeRF paper"") AND (""disentangles texture and shape"")"
527,"(paper) AND (""applies off-shelf GPT-2 model"") AND (""D4RL tasks"") AND (""PEFT techniques"")"
528,"(paper) AND (""improves adversarial training"") AND (""forming semantic aware label"") AND (""without extra pre-train time or data"")"
529,"(paper) AND (""parameterize neural networks as proximal operators"")"
530,"(paper) AND (""previously proposed to control a risk"") AND (""prediction sets"") AND (""conformal prediction"")"
531,"(paper) AND (""seamlessly integrates the multigrid structure"") AND (""operator learning"") AND (""solving partial differential equations"")"
532,"(paper) AND (""theoretically explains why in-context reinforcement learning works"")"
533,"(paper) AND (""Lipschitz continuity"") AND (""learning a dynamics model"")"
534,"(paper) AND (""improve MLE"") AND (""auto-regressive language modeling"") AND (""optimal transport"")"
535,"(paper) AND (""probabilsitic formulation of retrosynthesis"")"
536,"(""evaluation benchmarks"") AND (""LLM privacy"") AND (""inference time"") AND (""model input"") AND (""NOT training data"")"
537,"(""key advantages"") AND (""coupling neural SDEs with neural CDEs"") AND (""treatment effect estimation"") AND (""over existing baselines"")"
538,"(paper) AND (""data being collected in bundles"") AND (""reinforcement learning"")"
539,"(""first paper"") AND (""theoretically studies training neural networks"") AND (""small initialization"")"
540,"(""first paper"") AND (""generalized linear model"") AND (""analyze multi-neural spike train data"")"
541,"(""molecular representation learning paper"") AND (""introduced a benchmark"") AND (""thermodynamically-accessible conformer ensembles"")"
542,"(""open-source dataset"") AND (""combined knowledge retrieval"") AND (""constraint satisfaction queries"")"
543,"(paper) AND (""sensitive data issue"") AND (""prompting large language model APIs"")"
544,"(paper) AND (""evaluated the ability of visual few-shot learning models"") AND (""do in-context learning"")"
545,"(paper) AND (""first adapted ControlNet"") AND (""generate continuous videos"") AND (""training-free manner"")"
546,"(paper) AND (""first associate the modeling frequency"") AND (""input human skeletons"") AND (""NeRF framework"")"
547,"(paper) AND (""first extends rotary positional encoding"") AND (""camera-geometry encoding"") AND (""multi-view transformers"")"
548,"(paper) AND (""first proposed a robust perceptual similarity metric"") AND (""certificates"")"
549,"(paper) AND (""first proposes that simply reversing the output"") AND (""significantly enhance the sample efficiency"") AND (""arithmetic capability"") AND (""decoder-only Transformer model"")"
550,"(paper) AND (""first showed that you can score the code explanations"") AND (""pass@k metric"")"
551,"(paper) AND (""first used the technique of prompt engineering"") AND (""generate adversarial prompts"") AND (""fool LLMs"") AND (""wrong predictions"") AND (""prompt-based learning"")"
552,"(paper) AND (""first uses decoupled workers"") AND (""distributed RL system"")"
553,"(paper) AND (""investigated the effect of the relative position"") AND (""most pertinent retrieved code snippets"") AND (""repository-level code completion performance"")"
554,"(paper) AND (""the first to prove finetuned LLM can be a reliable judge"")"
555,"(paper) AND (""mitigates language model sampling errors"") AND (""softmax bottleneck"")"
556,"(paper) AND (""mitigates the vocabulary size limitation"") AND (""pretraining multilingual masked language models"") AND (""contrastive loss"")"
557,"(paper) AND (""proposes breaking down programming problems"") AND (""predicting the objects"")"
558,"(paper) AND (""showed first that one can build a fully differentiable mixture of experts layer"") AND (""no increase in time complexity"")"
559,"(paper) AND (""shows that RLAIF can fully replace RLHF"") AND (""align language models from scratch"")"
560,"(research) AND (""first proposed a new kind of cascaded diffusion"") AND (""Markov process"")"
561,"(work) AND (""first uses LLM to code robotic simulation tasks"") AND (""show sim-to-real benefits"") AND (""policy pre-training in simulation"")"
562,"(work) AND (""proposes a model to learn a latent regular cell complex from data"")"
563,"(work) AND (""proposes to combine video foundation models with vision language models"") AND (""effective high dimensional robot planning"")"
564,"(backdoor paper) AND (""first used the CLIP"") AND (""suppress benign features"") AND (""enhance poisoning features"") AND (""design triggers"")"
565,"(foundation model paper) AND (""first proposed a time series model"") AND (""proposed financial time series and text data"")"
566,"(""one of the first papers"") AND (""highlight and resolve the distribution shift"") AND (""RLHF"")"
567,"(machine learning paper) AND (""proposed certified robustness"") AND (""malware detection domain"")"
568,"(""multimodal large language model"") AND (""represents visual data as the discrete tokens like text"") AND (""training with the unified next-token prediction objective"")"
569,"(neural theorem proving paper) AND (""first attempted to prove theorems"") AND (""block-by-block manner"")"
570,"(paper) AND (""considers both weights and activations"") AND (""pruning large language models"")"
571,"(paper) AND (""quantitative results demonstrating"") AND (""taking VQ tokens as inputs is inferior to pixel images"") AND (""dense recognition tasks"")"
572,"(paper) AND (""examined the scalability of instruction-tuning"") AND (""Mixture of Expert models"")"
573,"(paper) AND (""first applied the chain of thought concepts"") AND (""3D localization problem"")"
574,"(paper) AND (""first derived online occupany estimation technique"") AND (""sqrt(T) bound"") AND (""reinforcement learning"") AND (""adversarial linear MDP"")"
575,"(paper) AND (""first found that REINFORCE works better than actor critic algorithms like PPO"") AND (""RL finetuning"") AND (""pretrained chemistry language models"")"
576,"(paper) AND (""first found that when transformers are trained to in-context learn function classes"") AND (""might exhibit generalization followed by memorization"")"
577,"(paper) AND (""first investigates the knowledge preferences of LLMs"") AND (""conflicts between the context and the parametric memory"")"
578,"(paper) AND (""first proposes a unified framework"") AND (""black-box and white-box detection of AI-written text"") AND (""explanations"")"
579,"(paper) AND (""first proved that wide-enough transformer architectures trained with gradient methods on enough data"") AND (""learn to solve relational reasoning tasks"")"
580,"(paper) AND (""first showed that task-specific knowledge embedded in parameters can be extracted from one LLM"") AND (""transferred to another via parameter-efficient fine-tuning"")"
581,"(paper) AND (""first studied differential privacy"") AND (""in-context learning"") AND (""prevent prompt leakage attacks"")"
582,"(paper) AND (""first study POMDP"") AND (""enhanced feedback on observations"")"
583,"(paper) AND (""first tried to fine-tune LLMs"") AND (""chain-of-thoughts and program-of-thoughts"") AND (""math reasoning"")"
584,"(paper) AND (""first used language models to emulate tool executions"") AND (""studying the risks of language model agents"")"
585,"(paper) AND (""formally defines the problem of model selection"") AND (""llm agent"") AND (""multi-modal reasoning"")"
586,"(paper) AND (""found that using common character encodings and ciphers"") AND (""can bypass the safety guardrails of large models"")"
587,"(paper) AND (""human motion generation"") AND (""control the spatial location of any joints"") AND (""dense or sparse 3D points"")"
588,"(paper) AND (""the first to model the helpfulness and harmlessness alignment of LLMs"") AND (""Constrained MDP problem"")"
589,"(paper) AND (""proposes an alignment framework"") AND (""steers language models to preferences of individual groups"") AND (""few-shot manner"") AND (""augmenting the LLM with a transformer module"")"
590,"(paper) AND (""proposes to integrate black-box LLMs"") AND (""pool of smaller but specialized language models"")"
591,"(paper) AND (""studies how difficult is a policy learning problem under non-additive rewards"") AND (""theoretical lower bounds"") AND (""potential strategy to solve it empirically"")"
592,"(paper) AND (""trains on linear regression"") AND (""hypothesize how fine-tuning affects language models"")"
593,"(paper) AND (""uses the latent diffusion model for the first time"") AND (""offline reinforcement learning problems"") AND (""sequential modeling framework"")"
594,"(paper) AND (""utilized MMD flows with Riesz kernels"") AND (""solve Bayesian inverse problems"")"
595,"(paper) AND (""generalization bounds"") AND (""self supervised learning models"" AND CLIP)"
596,"(paper) AND (""systematically examed the input mismatch"") AND (""training and sampling"") AND (""diffusion models"")"